,Year,SA2_codes,Postcode,Offence Count
0,2013,206011106,3057,156
1,2013,206011107,3052,552
2,2013,206011107,3055,229
3,2013,206011109,3044,514
4,2013,206011495,3056,732
5,2013,206021110,3078,314
6,2013,206021112,3071,386
7,2013,206021500,3070,476
8,2013,206031115,3031,890
9,2013,206031116,3039,423
10,2013,206031501,3041,257
11,2013,206031502,3040,508
12,2013,206041117,3053,351
13,2013,206041118,3008,489
14,2013,206041119,3002,463
15,2013,206041504,3000,1497
16,2013,206041506,3051,538
17,2013,206041509,3006,591
18,2013,206041510,3003,373
19,2013,206051128,3206,308
20,2013,206051129,3184,301
21,2013,206051130,3207,543
22,2013,206051134,3183,491
23,2013,206051511,3205,946
24,2013,206051514,3004,1939
25,2013,206051514,3182,1687
26,2013,206061135,3143,139
27,2013,206061136,3181,1029
28,2013,206061138,3142,316
29,2013,206061515,3141,565
30,2013,206071139,3067,285
31,2013,206071140,3054,191
32,2013,206071141,3066,952
33,2013,206071142,3065,1199
34,2013,206071143,3068,362
35,2013,206071518,3121,2091
36,2013,207011147,3103,151
37,2013,207011148,3104,168
38,2013,207011149,3124,297
39,2013,207011152,3123,219
40,2013,207011154,3102,103
41,2013,207011155,3126,51
42,2013,207011519,3122,561
43,2013,207011522,3101,414
44,2013,207021156,3105,143
45,2013,207021157,3108,398
46,2013,207021159,3106,131
47,2013,207021160,3107,138
48,2013,207021425,3109,328
49,2013,207031161,3130,431
50,2013,207031163,3128,794
51,2013,207031164,3129,150
52,2013,207031165,3125,287
53,2013,207031166,3151,137
54,2013,207031167,3127,178
55,2013,208011168,3193,256
56,2013,208011169,3186,427
57,2013,208011170,3187,196
58,2013,208011171,3190,370
59,2013,208011172,3188,474
60,2013,208011173,3191,241
61,2013,208021176,3163,447
62,2013,208021177,3161,218
63,2013,208021178,3162,278
64,2013,208021179,3185,390
65,2013,208021182,3204,555
66,2013,208021426,3165,392
67,2013,208031185,3197,317
68,2013,208031186,3196,745
69,2013,208031188,3192,416
70,2013,208031190,3194,332
71,2013,208031191,3189,389
72,2013,208031191,3202,116
73,2013,208031193,3195,1015
74,2013,208041194,3144,230
75,2013,208041194,3146,284
76,2013,208041195,3145,462
77,2013,209011197,3088,669
78,2013,209011199,3081,872
79,2013,209011200,3079,266
80,2013,209011201,3084,617
81,2013,209011202,3093,115
82,2013,209011202,3094,132
83,2013,209011204,3087,226
84,2013,209021205,3085,237
85,2013,209021428,3072,1322
86,2013,209021524,3073,1436
87,2013,209031209,3095,493
88,2013,209031210,3099,118
89,2013,209031214,3113,162
90,2013,209031215,3089,367
91,2013,209041216,3083,662
92,2013,209041221,3082,603
93,2013,209041223,3074,686
94,2013,209041431,3076,746
95,2013,209041436,3752,630
96,2013,209041530,3075,613
97,2013,210011226,3042,421
98,2013,210011228,3036,78
99,2013,210011533,3033,410
100,2013,210011533,3034,160
101,2013,210031236,3058,895
102,2013,210031237,3060,231
103,2013,210031535,3046,1125
104,2013,210051242,3047,2064
105,2013,210051243,3061,315
106,2013,210051245,3049,309
107,2013,210051247,3048,857
108,2013,210051250,3043,582
109,2013,210051544,3064,1573
110,2013,211011251,3153,733
111,2013,211011254,3179,110
112,2013,211011254,3180,241
113,2013,211011256,3178,556
114,2013,211011260,3152,760
115,2013,211011446,3155,797
116,2013,211011447,3156,911
117,2013,211011449,3154,89
118,2013,211021261,3111,56
119,2013,211021261,3114,52
120,2013,211031266,3134,1185
121,2013,211031267,3135,383
122,2013,211031450,3136,1013
123,2013,211041269,3131,379
124,2013,211041270,3132,214
125,2013,211041272,3133,227
126,2013,211051277,3137,305
127,2013,211051278,3140,830
128,2013,211051280,3765,112
129,2013,211051281,3138,397
130,2013,211051283,3796,137
131,2013,211051284,3158,142
132,2013,212021293,3806,1053
133,2013,212021295,3177,766
134,2013,212021297,3803,468
135,2013,212021299,3804,139
136,2013,212021454,3802,579
137,2013,212021456,3805,1542
138,2013,212031300,3977,2095
139,2013,212031306,3975,219
140,2013,212031562,3976,682
141,2013,212041309,3167,213
142,2013,212041310,3169,427
143,2013,212041317,3171,635
144,2013,212041318,3172,520
145,2013,212041460,3174,1509
146,2013,212041563,3175,3505
147,2013,212041565,3173,539
148,2013,212051319,3147,241
149,2013,212051319,3148,209
150,2013,212051322,3150,501
151,2013,212051324,3149,254
152,2013,212051325,3170,217
153,2013,212051326,3166,498
154,2013,212051567,3168,528
155,2013,213011328,3020,2253
156,2013,213011328,3022,171
157,2013,213011331,3037,1128
158,2013,213011332,3038,708
159,2013,213011334,3021,2092
160,2013,213011569,3023,1682
161,2013,213011570,3026,268
162,2013,213021341,3018,472
163,2013,213021343,3025,437
164,2013,213021344,3015,454
165,2013,213021346,3016,791
166,2013,213031347,3019,376
167,2013,213031348,3011,1077
168,2013,213031349,3032,943
169,2013,213031351,3012,900
170,2013,213031352,3013,294
171,2013,213051361,3029,1599
172,2013,213051363,3027,44
173,2013,213051363,3028,851
174,2013,213051368,3030,2664
175,2013,214011370,3201,808
176,2013,214011371,3199,3314
177,2013,214011372,3200,481
178,2013,214011374,3910,439
179,2013,214011375,3198,884
180,2014,206011106,3057,181
181,2014,206011107,3052,495
182,2014,206011107,3055,273
183,2014,206011109,3044,468
184,2014,206011495,3056,745
185,2014,206021110,3078,332
186,2014,206021112,3071,460
187,2014,206021500,3070,629
188,2014,206031115,3031,748
189,2014,206031116,3039,406
190,2014,206031501,3041,292
191,2014,206031502,3040,618
192,2014,206041117,3053,652
193,2014,206041118,3008,556
194,2014,206041119,3002,445
195,2014,206041504,3000,1392
196,2014,206041506,3051,1106
197,2014,206041509,3006,754
198,2014,206041510,3003,307
199,2014,206051128,3206,252
200,2014,206051129,3184,384
201,2014,206051130,3207,439
202,2014,206051134,3183,545
203,2014,206051511,3205,938
204,2014,206051514,3004,1854
205,2014,206051514,3182,1780
206,2014,206061135,3143,168
207,2014,206061136,3181,1094
208,2014,206061138,3142,331
209,2014,206061515,3141,801
210,2014,206071139,3067,755
211,2014,206071140,3054,206
212,2014,206071141,3066,799
213,2014,206071142,3065,1192
214,2014,206071143,3068,447
215,2014,206071518,3121,1404
216,2014,207011147,3103,297
217,2014,207011148,3104,284
218,2014,207011149,3124,347
219,2014,207011152,3123,124
220,2014,207011154,3102,72
221,2014,207011155,3126,107
222,2014,207011519,3122,377
223,2014,207011522,3101,383
224,2014,207021156,3105,203
225,2014,207021157,3108,293
226,2014,207021159,3106,143
227,2014,207021160,3107,135
228,2014,207021425,3109,173
229,2014,207031161,3130,460
230,2014,207031163,3128,600
231,2014,207031164,3129,192
232,2014,207031165,3125,276
233,2014,207031166,3151,156
234,2014,207031167,3127,192
235,2014,208011168,3193,262
236,2014,208011169,3186,424
237,2014,208011170,3187,164
238,2014,208011171,3190,387
239,2014,208011172,3188,593
240,2014,208011173,3191,234
241,2014,208021176,3163,666
242,2014,208021177,3161,241
243,2014,208021178,3162,304
244,2014,208021179,3185,372
245,2014,208021182,3204,497
246,2014,208021426,3165,466
247,2014,208031185,3197,375
248,2014,208031186,3196,706
249,2014,208031188,3192,540
250,2014,208031190,3194,398
251,2014,208031191,3189,417
252,2014,208031191,3202,100
253,2014,208031193,3195,836
254,2014,208041194,3144,239
255,2014,208041194,3146,272
256,2014,208041195,3145,488
257,2014,209011197,3088,408
258,2014,209011199,3081,915
259,2014,209011200,3079,329
260,2014,209011201,3084,835
261,2014,209011202,3093,60
262,2014,209011202,3094,116
263,2014,209011204,3087,169
264,2014,209021205,3085,225
265,2014,209021428,3072,1351
266,2014,209021524,3073,1661
267,2014,209031209,3095,384
268,2014,209031210,3099,67
269,2014,209031214,3113,81
270,2014,209031215,3089,191
271,2014,209041216,3083,747
272,2014,209041221,3082,712
273,2014,209041223,3074,819
274,2014,209041431,3076,1007
275,2014,209041436,3752,439
276,2014,209041530,3075,601
277,2014,210011226,3042,593
278,2014,210011228,3036,114
279,2014,210011533,3033,294
280,2014,210011533,3034,310
281,2014,210031236,3058,1107
282,2014,210031237,3060,253
283,2014,210031535,3046,1169
284,2014,210051242,3047,2018
285,2014,210051243,3061,395
286,2014,210051245,3049,343
287,2014,210051247,3048,909
288,2014,210051250,3043,497
289,2014,210051544,3064,1364
290,2014,211011251,3153,853
291,2014,211011254,3179,197
292,2014,211011254,3180,227
293,2014,211011256,3178,506
294,2014,211011260,3152,624
295,2014,211011446,3155,832
296,2014,211011447,3156,917
297,2014,211011449,3154,96
298,2014,211021261,3111,134
299,2014,211021261,3114,86
300,2014,211031266,3134,1535
301,2014,211031267,3135,494
302,2014,211031450,3136,1096
303,2014,211041269,3131,312
304,2014,211041270,3132,236
305,2014,211041272,3133,281
306,2014,211051277,3137,270
307,2014,211051278,3140,636
308,2014,211051280,3765,150
309,2014,211051281,3138,537
310,2014,211051283,3796,204
311,2014,211051284,3158,155
312,2014,212021293,3806,1029
313,2014,212021295,3177,546
314,2014,212021297,3803,577
315,2014,212021299,3804,120
316,2014,212021454,3802,878
317,2014,212021456,3805,1432
318,2014,212031300,3977,2116
319,2014,212031306,3975,272
320,2014,212031562,3976,656
321,2014,212041309,3167,380
322,2014,212041310,3169,474
323,2014,212041317,3171,1065
324,2014,212041318,3172,645
325,2014,212041460,3174,1408
326,2014,212041563,3175,3571
327,2014,212041565,3173,767
328,2014,212051319,3147,417
329,2014,212051319,3148,311
330,2014,212051322,3150,680
331,2014,212051324,3149,244
332,2014,212051325,3170,370
333,2014,212051326,3166,639
334,2014,212051567,3168,620
335,2014,213011328,3020,3154
336,2014,213011328,3022,273
337,2014,213011331,3037,981
338,2014,213011332,3038,550
339,2014,213011334,3021,2212
340,2014,213011569,3023,1885
341,2014,213011570,3026,309
342,2014,213021341,3018,453
343,2014,213021343,3025,312
344,2014,213021344,3015,444
345,2014,213021346,3016,604
346,2014,213031347,3019,478
347,2014,213031348,3011,1410
348,2014,213031349,3032,1142
349,2014,213031351,3012,1127
350,2014,213031352,3013,418
351,2014,213051361,3029,1649
352,2014,213051363,3027,75
353,2014,213051363,3028,996
354,2014,213051368,3030,2427
355,2014,214011370,3201,894
356,2014,214011371,3199,3311
357,2014,214011372,3200,518
358,2014,214011374,3910,357
359,2014,214011375,3198,758
360,2015,206011106,3057,232
361,2015,206011107,3052,636
362,2015,206011107,3055,283
363,2015,206011109,3044,543
364,2015,206011495,3056,1107
365,2015,206021110,3078,365
366,2015,206021112,3071,314
367,2015,206021500,3070,518
368,2015,206031115,3031,1243
369,2015,206031116,3039,623
370,2015,206031501,3041,382
371,2015,206031502,3040,601
372,2015,206041117,3053,458
373,2015,206041118,3008,769
374,2015,206041119,3002,436
375,2015,206041504,3000,1727
376,2015,206041506,3051,980
377,2015,206041509,3006,637
378,2015,206041510,3003,283
379,2015,206051128,3206,229
380,2015,206051129,3184,376
381,2015,206051130,3207,550
382,2015,206051134,3183,470
383,2015,206051511,3205,1114
384,2015,206051514,3004,1883
385,2015,206051514,3182,2520
386,2015,206061135,3143,173
387,2015,206061136,3181,1186
388,2015,206061138,3142,358
389,2015,206061515,3141,970
390,2015,206071139,3067,867
391,2015,206071140,3054,209
392,2015,206071141,3066,1290
393,2015,206071142,3065,1281
394,2015,206071143,3068,409
395,2015,206071518,3121,1865
396,2015,207011147,3103,307
397,2015,207011148,3104,189
398,2015,207011149,3124,336
399,2015,207011152,3123,127
400,2015,207011154,3102,87
401,2015,207011155,3126,69
402,2015,207011519,3122,336
403,2015,207011522,3101,386
404,2015,207021156,3105,337
405,2015,207021157,3108,494
406,2015,207021159,3106,216
407,2015,207021160,3107,177
408,2015,207021425,3109,248
409,2015,207031161,3130,487
410,2015,207031163,3128,823
411,2015,207031164,3129,167
412,2015,207031165,3125,371
413,2015,207031166,3151,119
414,2015,207031167,3127,229
415,2015,208011168,3193,210
416,2015,208011169,3186,433
417,2015,208011170,3187,193
418,2015,208011171,3190,395
419,2015,208011172,3188,701
420,2015,208011173,3191,243
421,2015,208021176,3163,542
422,2015,208021177,3161,226
423,2015,208021178,3162,384
424,2015,208021179,3185,350
425,2015,208021182,3204,657
426,2015,208021426,3165,423
427,2015,208031185,3197,548
428,2015,208031186,3196,685
429,2015,208031188,3192,613
430,2015,208031190,3194,353
431,2015,208031191,3189,609
432,2015,208031191,3202,85
433,2015,208031193,3195,1008
434,2015,208041194,3144,320
435,2015,208041194,3146,231
436,2015,208041195,3145,668
437,2015,209011197,3088,576
438,2015,209011199,3081,873
439,2015,209011200,3079,300
440,2015,209011201,3084,1030
441,2015,209011202,3093,79
442,2015,209011202,3094,118
443,2015,209011204,3087,282
444,2015,209021205,3085,286
445,2015,209021428,3072,1218
446,2015,209021524,3073,1431
447,2015,209031209,3095,395
448,2015,209031210,3099,112
449,2015,209031214,3113,111
450,2015,209031215,3089,263
451,2015,209041216,3083,831
452,2015,209041221,3082,774
453,2015,209041223,3074,707
454,2015,209041431,3076,945
455,2015,209041436,3752,457
456,2015,209041530,3075,516
457,2015,210011226,3042,661
458,2015,210011228,3036,148
459,2015,210011533,3033,374
460,2015,210011533,3034,176
461,2015,210031236,3058,1057
462,2015,210031237,3060,241
463,2015,210031535,3046,1002
464,2015,210051242,3047,1768
465,2015,210051243,3061,423
466,2015,210051245,3049,363
467,2015,210051247,3048,735
468,2015,210051250,3043,570
469,2015,210051544,3064,2079
470,2015,211011251,3153,788
471,2015,211011254,3179,171
472,2015,211011254,3180,267
473,2015,211011256,3178,737
474,2015,211011260,3152,1049
475,2015,211011446,3155,1137
476,2015,211011447,3156,889
477,2015,211011449,3154,98
478,2015,211021261,3111,121
479,2015,211021261,3114,48
480,2015,211031266,3134,1172
481,2015,211031267,3135,631
482,2015,211031450,3136,1382
483,2015,211041269,3131,494
484,2015,211041270,3132,249
485,2015,211041272,3133,254
486,2015,211051277,3137,373
487,2015,211051278,3140,910
488,2015,211051280,3765,131
489,2015,211051281,3138,638
490,2015,211051283,3796,191
491,2015,211051284,3158,146
492,2015,212021293,3806,756
493,2015,212021295,3177,849
494,2015,212021297,3803,464
495,2015,212021299,3804,133
496,2015,212021454,3802,598
497,2015,212021456,3805,1831
498,2015,212031300,3977,2819
499,2015,212031306,3975,363
500,2015,212031562,3976,650
501,2015,212041309,3167,296
502,2015,212041310,3169,549
503,2015,212041317,3171,978
504,2015,212041318,3172,555
505,2015,212041460,3174,2134
506,2015,212041563,3175,2985
507,2015,212041565,3173,492
508,2015,212051319,3147,369
509,2015,212051319,3148,236
510,2015,212051322,3150,674
511,2015,212051324,3149,430
512,2015,212051325,3170,710
513,2015,212051326,3166,762
514,2015,212051567,3168,605
515,2015,213011328,3020,2955
516,2015,213011328,3022,178
517,2015,213011331,3037,1022
518,2015,213011332,3038,589
519,2015,213011334,3021,2318
520,2015,213011569,3023,1854
521,2015,213011570,3026,287
522,2015,213021341,3018,548
523,2015,213021343,3025,605
524,2015,213021344,3015,533
525,2015,213021346,3016,584
526,2015,213031347,3019,641
527,2015,213031348,3011,1720
528,2015,213031349,3032,919
529,2015,213031351,3012,930
530,2015,213031352,3013,307
531,2015,213051361,3029,1808
532,2015,213051363,3027,112
533,2015,213051363,3028,1070
534,2015,213051368,3030,2213
535,2015,214011370,3201,997
536,2015,214011371,3199,2984
537,2015,214011372,3200,572
538,2015,214011374,3910,548
539,2015,214011375,3198,858
540,2016,206011106,3057,181
541,2016,206011107,3052,674
542,2016,206011107,3055,329
543,2016,206011109,3044,576
544,2016,206011495,3056,989
545,2016,206021110,3078,283
546,2016,206021112,3071,357
547,2016,206021500,3070,708
548,2016,206031115,3031,1133
549,2016,206031116,3039,598
550,2016,206031501,3041,406
551,2016,206031502,3040,506
552,2016,206041117,3053,739
553,2016,206041118,3008,748
554,2016,206041119,3002,548
555,2016,206041504,3000,1382
556,2016,206041506,3051,1219
557,2016,206041509,3006,747
558,2016,206041510,3003,452
559,2016,206051128,3206,249
560,2016,206051129,3184,397
561,2016,206051130,3207,628
562,2016,206051134,3183,769
563,2016,206051511,3205,1043
564,2016,206051514,3004,1885
565,2016,206051514,3182,2461
566,2016,206061135,3143,201
567,2016,206061136,3181,1458
568,2016,206061138,3142,326
569,2016,206061515,3141,885
570,2016,206071139,3067,655
571,2016,206071140,3054,198
572,2016,206071141,3066,1509
573,2016,206071142,3065,1458
574,2016,206071143,3068,397
575,2016,206071518,3121,2065
576,2016,207011147,3103,339
577,2016,207011148,3104,295
578,2016,207011149,3124,330
579,2016,207011152,3123,363
580,2016,207011154,3102,90
581,2016,207011155,3126,82
582,2016,207011519,3122,492
583,2016,207011522,3101,273
584,2016,207021156,3105,161
585,2016,207021157,3108,440
586,2016,207021159,3106,153
587,2016,207021160,3107,194
588,2016,207021425,3109,383
589,2016,207031161,3130,504
590,2016,207031163,3128,876
591,2016,207031164,3129,191
592,2016,207031165,3125,301
593,2016,207031166,3151,224
594,2016,207031167,3127,262
595,2016,208011168,3193,177
596,2016,208011169,3186,563
597,2016,208011170,3187,187
598,2016,208011171,3190,557
599,2016,208011172,3188,645
600,2016,208011173,3191,289
601,2016,208021176,3163,703
602,2016,208021177,3161,215
603,2016,208021178,3162,417
604,2016,208021179,3185,536
605,2016,208021182,3204,712
606,2016,208021426,3165,480
607,2016,208031185,3197,551
608,2016,208031186,3196,817
609,2016,208031188,3192,578
610,2016,208031190,3194,758
611,2016,208031191,3189,411
612,2016,208031191,3202,147
613,2016,208031193,3195,1136
614,2016,208041194,3144,364
615,2016,208041194,3146,313
616,2016,208041195,3145,721
617,2016,209011197,3088,593
618,2016,209011199,3081,920
619,2016,209011200,3079,293
620,2016,209011201,3084,1022
621,2016,209011202,3093,104
622,2016,209011202,3094,126
623,2016,209011204,3087,490
624,2016,209021205,3085,303
625,2016,209021428,3072,1492
626,2016,209021524,3073,1871
627,2016,209031209,3095,523
628,2016,209031210,3099,109
629,2016,209031214,3113,104
630,2016,209031215,3089,233
631,2016,209041216,3083,1016
632,2016,209041221,3082,789
633,2016,209041223,3074,676
634,2016,209041431,3076,1150
635,2016,209041436,3752,344
636,2016,209041530,3075,539
637,2016,210011226,3042,561
638,2016,210011228,3036,130
639,2016,210011533,3033,338
640,2016,210011533,3034,298
641,2016,210031236,3058,1297
642,2016,210031237,3060,434
643,2016,210031535,3046,1446
644,2016,210051242,3047,2049
645,2016,210051243,3061,576
646,2016,210051245,3049,201
647,2016,210051247,3048,1052
648,2016,210051250,3043,600
649,2016,210051544,3064,2604
650,2016,211011251,3153,1049
651,2016,211011254,3179,264
652,2016,211011254,3180,237
653,2016,211011256,3178,864
654,2016,211011260,3152,1024
655,2016,211011446,3155,1284
656,2016,211011447,3156,903
657,2016,211011449,3154,110
658,2016,211021261,3111,134
659,2016,211021261,3114,102
660,2016,211031266,3134,1468
661,2016,211031267,3135,578
662,2016,211031450,3136,1481
663,2016,211041269,3131,624
664,2016,211041270,3132,278
665,2016,211041272,3133,352
666,2016,211051277,3137,523
667,2016,211051278,3140,770
668,2016,211051280,3765,226
669,2016,211051281,3138,608
670,2016,211051283,3796,263
671,2016,211051284,3158,99
672,2016,212021293,3806,954
673,2016,212021295,3177,1310
674,2016,212021297,3803,483
675,2016,212021299,3804,262
676,2016,212021454,3802,1052
677,2016,212021456,3805,2065
678,2016,212031300,3977,3113
679,2016,212031306,3975,507
680,2016,212031562,3976,688
681,2016,212041309,3167,322
682,2016,212041310,3169,444
683,2016,212041317,3171,863
684,2016,212041318,3172,687
685,2016,212041460,3174,1429
686,2016,212041563,3175,4525
687,2016,212041565,3173,643
688,2016,212051319,3147,499
689,2016,212051319,3148,350
690,2016,212051322,3150,689
691,2016,212051324,3149,419
692,2016,212051325,3170,373
693,2016,212051326,3166,908
694,2016,212051567,3168,695
695,2016,213011328,3020,2855
696,2016,213011328,3022,237
697,2016,213011331,3037,1047
698,2016,213011332,3038,700
699,2016,213011334,3021,2229
700,2016,213011569,3023,1990
701,2016,213011570,3026,451
702,2016,213021341,3018,465
703,2016,213021343,3025,555
704,2016,213021344,3015,448
705,2016,213021346,3016,631
706,2016,213031347,3019,1073
707,2016,213031348,3011,1606
708,2016,213031349,3032,1126
709,2016,213031351,3012,1147
710,2016,213031352,3013,356
711,2016,213051361,3029,2041
712,2016,213051363,3027,129
713,2016,213051363,3028,784
714,2016,213051368,3030,2043
715,2016,214011370,3201,1266
716,2016,214011371,3199,3081
717,2016,214011372,3200,462
718,2016,214011374,3910,580
719,2016,214011375,3198,1039
720,2017,206011106,3057,186
721,2017,206011107,3052,843
722,2017,206011107,3055,305
723,2017,206011109,3044,584
724,2017,206011495,3056,1002
725,2017,206021110,3078,446
726,2017,206021112,3071,587
727,2017,206021500,3070,543
728,2017,206031115,3031,1225
729,2017,206031116,3039,569
730,2017,206031501,3041,430
731,2017,206031502,3040,631
732,2017,206041117,3053,607
733,2017,206041118,3008,1212
734,2017,206041119,3002,450
735,2017,206041504,3000,1554
736,2017,206041506,3051,912
737,2017,206041509,3006,935
738,2017,206041510,3003,531
739,2017,206051128,3206,420
740,2017,206051129,3184,270
741,2017,206051130,3207,663
742,2017,206051134,3183,655
743,2017,206051511,3205,1178
744,2017,206051514,3004,2112
745,2017,206051514,3182,2178
746,2017,206061135,3143,296
747,2017,206061136,3181,1544
748,2017,206061138,3142,421
749,2017,206061515,3141,885
750,2017,206071139,3067,434
751,2017,206071140,3054,297
752,2017,206071141,3066,1073
753,2017,206071142,3065,1402
754,2017,206071143,3068,669
755,2017,206071518,3121,1708
756,2017,207011147,3103,277
757,2017,207011148,3104,183
758,2017,207011149,3124,496
759,2017,207011152,3123,199
760,2017,207011154,3102,111
761,2017,207011155,3126,75
762,2017,207011519,3122,526
763,2017,207011522,3101,467
764,2017,207021156,3105,195
765,2017,207021157,3108,336
766,2017,207021159,3106,200
767,2017,207021160,3107,240
768,2017,207021425,3109,778
769,2017,207031161,3130,632
770,2017,207031163,3128,790
771,2017,207031164,3129,264
772,2017,207031165,3125,310
773,2017,207031166,3151,347
774,2017,207031167,3127,302
775,2017,208011168,3193,349
776,2017,208011169,3186,492
777,2017,208011170,3187,273
778,2017,208011171,3190,382
779,2017,208011172,3188,651
780,2017,208011173,3191,254
781,2017,208021176,3163,754
782,2017,208021177,3161,251
783,2017,208021178,3162,478
784,2017,208021179,3185,557
785,2017,208021182,3204,709
786,2017,208021426,3165,646
787,2017,208031185,3197,604
788,2017,208031186,3196,811
789,2017,208031188,3192,600
790,2017,208031190,3194,593
791,2017,208031191,3189,480
792,2017,208031191,3202,118
793,2017,208031193,3195,1166
794,2017,208041194,3144,210
795,2017,208041194,3146,512
796,2017,208041195,3145,736
797,2017,209011197,3088,707
798,2017,209011199,3081,1113
799,2017,209011200,3079,442
800,2017,209011201,3084,714
801,2017,209011202,3093,143
802,2017,209011202,3094,83
803,2017,209011204,3087,432
804,2017,209021205,3085,240
805,2017,209021428,3072,1468
806,2017,209021524,3073,1690
807,2017,209031209,3095,497
808,2017,209031210,3099,136
809,2017,209031214,3113,137
810,2017,209031215,3089,287
811,2017,209041216,3083,1137
812,2017,209041221,3082,549
813,2017,209041223,3074,591
814,2017,209041431,3076,1033
815,2017,209041436,3752,425
816,2017,209041530,3075,528
817,2017,210011226,3042,745
818,2017,210011228,3036,148
819,2017,210011533,3033,261
820,2017,210011533,3034,325
821,2017,210031236,3058,1127
822,2017,210031237,3060,423
823,2017,210031535,3046,1415
824,2017,210051242,3047,2087
825,2017,210051243,3061,355
826,2017,210051245,3049,269
827,2017,210051247,3048,1241
828,2017,210051250,3043,632
829,2017,210051544,3064,2333
830,2017,211011251,3153,925
831,2017,211011254,3179,213
832,2017,211011254,3180,187
833,2017,211011256,3178,648
834,2017,211011260,3152,990
835,2017,211011446,3155,1066
836,2017,211011447,3156,1056
837,2017,211011449,3154,194
838,2017,211021261,3111,168
839,2017,211021261,3114,62
840,2017,211031266,3134,1199
841,2017,211031267,3135,441
842,2017,211031450,3136,1592
843,2017,211041269,3131,752
844,2017,211041270,3132,426
845,2017,211041272,3133,416
846,2017,211051277,3137,464
847,2017,211051278,3140,804
848,2017,211051280,3765,184
849,2017,211051281,3138,678
850,2017,211051283,3796,260
851,2017,211051284,3158,124
852,2017,212021293,3806,916
853,2017,212021295,3177,1163
854,2017,212021297,3803,832
855,2017,212021299,3804,221
856,2017,212021454,3802,628
857,2017,212021456,3805,1634
858,2017,212031300,3977,3386
859,2017,212031306,3975,622
860,2017,212031562,3976,868
861,2017,212041309,3167,388
862,2017,212041310,3169,781
863,2017,212041317,3171,1069
864,2017,212041318,3172,794
865,2017,212041460,3174,1290
866,2017,212041563,3175,4791
867,2017,212041565,3173,379
868,2017,212051319,3147,666
869,2017,212051319,3148,215
870,2017,212051322,3150,806
871,2017,212051324,3149,580
872,2017,212051325,3170,525
873,2017,212051326,3166,935
874,2017,212051567,3168,975
875,2017,213011328,3020,2851
876,2017,213011328,3022,189
877,2017,213011331,3037,939
878,2017,213011332,3038,728
879,2017,213011334,3021,2679
880,2017,213011569,3023,2214
881,2017,213011570,3026,518
882,2017,213021341,3018,408
883,2017,213021343,3025,447
884,2017,213021344,3015,455
885,2017,213021346,3016,607
886,2017,213031347,3019,505
887,2017,213031348,3011,1760
888,2017,213031349,3032,1129
889,2017,213031351,3012,853
890,2017,213031352,3013,373
891,2017,213051361,3029,2269
892,2017,213051363,3027,101
893,2017,213051363,3028,761
894,2017,213051368,3030,2235
895,2017,214011370,3201,872
896,2017,214011371,3199,3501
897,2017,214011372,3200,575
898,2017,214011374,3910,590
899,2017,214011375,3198,1046
900,2018,206011106,3057,232
901,2018,206011107,3052,785
902,2018,206011107,3055,293
903,2018,206011109,3044,557
904,2018,206011495,3056,1146
905,2018,206021110,3078,395
906,2018,206021112,3071,500
907,2018,206021500,3070,513
908,2018,206031115,3031,1181
909,2018,206031116,3039,671
910,2018,206031501,3041,402
911,2018,206031502,3040,543
912,2018,206041117,3053,1061
913,2018,206041118,3008,1371
914,2018,206041119,3002,452
915,2018,206041504,3000,1506
916,2018,206041506,3051,1179
917,2018,206041509,3006,1039
918,2018,206041510,3003,591
919,2018,206051128,3206,315
920,2018,206051129,3184,352
921,2018,206051130,3207,676
922,2018,206051134,3183,698
923,2018,206051511,3205,1290
924,2018,206051514,3004,1878
925,2018,206051514,3182,2049
926,2018,206061135,3143,409
927,2018,206061136,3181,1559
928,2018,206061138,3142,272
929,2018,206061515,3141,979
930,2018,206071139,3067,381
931,2018,206071140,3054,236
932,2018,206071141,3066,1062
933,2018,206071142,3065,1402
934,2018,206071143,3068,606
935,2018,206071518,3121,2312
936,2018,207011147,3103,371
937,2018,207011148,3104,206
938,2018,207011149,3124,761
939,2018,207011152,3123,186
940,2018,207011154,3102,101
941,2018,207011155,3126,95
942,2018,207011519,3122,575
943,2018,207011522,3101,474
944,2018,207021156,3105,256
945,2018,207021157,3108,473
946,2018,207021159,3106,288
947,2018,207021160,3107,180
948,2018,207021425,3109,545
949,2018,207031161,3130,649
950,2018,207031163,3128,781
951,2018,207031164,3129,201
952,2018,207031165,3125,304
953,2018,207031166,3151,356
954,2018,207031167,3127,284
955,2018,208011168,3193,267
956,2018,208011169,3186,541
957,2018,208011170,3187,196
958,2018,208011171,3190,649
959,2018,208011172,3188,661
960,2018,208011173,3191,493
961,2018,208021176,3163,755
962,2018,208021177,3161,227
963,2018,208021178,3162,489
964,2018,208021179,3185,486
965,2018,208021182,3204,742
966,2018,208021426,3165,436
967,2018,208031185,3197,515
968,2018,208031186,3196,679
969,2018,208031188,3192,627
970,2018,208031190,3194,518
971,2018,208031191,3189,552
972,2018,208031191,3202,118
973,2018,208031193,3195,1241
974,2018,208041194,3144,257
975,2018,208041194,3146,327
976,2018,208041195,3145,720
977,2018,209011197,3088,512
978,2018,209011199,3081,1077
979,2018,209011200,3079,353
980,2018,209011201,3084,625
981,2018,209011202,3093,119
982,2018,209011202,3094,101
983,2018,209011204,3087,315
984,2018,209021205,3085,275
985,2018,209021428,3072,1611
986,2018,209021524,3073,1467
987,2018,209031209,3095,478
988,2018,209031210,3099,124
989,2018,209031214,3113,131
990,2018,209031215,3089,258
991,2018,209041216,3083,1000
992,2018,209041221,3082,788
993,2018,209041223,3074,922
994,2018,209041431,3076,1442
995,2018,209041436,3752,636
996,2018,209041530,3075,657
997,2018,210011226,3042,636
998,2018,210011228,3036,195
999,2018,210011533,3033,320
1000,2018,210011533,3034,285
1001,2018,210031236,3058,1391
1002,2018,210031237,3060,302
1003,2018,210031535,3046,1331
1004,2018,210051242,3047,2001
1005,2018,210051243,3061,426
1006,2018,210051245,3049,270
1007,2018,210051247,3048,712
1008,2018,210051250,3043,714
1009,2018,210051544,3064,2171
1010,2018,211011251,3153,906
1011,2018,211011254,3179,294
1012,2018,211011254,3180,392
1013,2018,211011256,3178,629
1014,2018,211011260,3152,852
1015,2018,211011446,3155,1176
1016,2018,211011447,3156,984
1017,2018,211011449,3154,155
1018,2018,211021261,3111,242
1019,2018,211021261,3114,32
1020,2018,211031266,3134,1408
1021,2018,211031267,3135,468
1022,2018,211031450,3136,1574
1023,2018,211041269,3131,688
1024,2018,211041270,3132,566
1025,2018,211041272,3133,490
1026,2018,211051277,3137,360
1027,2018,211051278,3140,505
1028,2018,211051280,3765,176
1029,2018,211051281,3138,428
1030,2018,211051283,3796,111
1031,2018,211051284,3158,124
1032,2018,212021293,3806,855
1033,2018,212021295,3177,724
1034,2018,212021297,3803,592
1035,2018,212021299,3804,140
1036,2018,212021454,3802,572
1037,2018,212021456,3805,1767
1038,2018,212031300,3977,3188
1039,2018,212031306,3975,344
1040,2018,212031562,3976,695
1041,2018,212041309,3167,356
1042,2018,212041310,3169,522
1043,2018,212041317,3171,1325
1044,2018,212041318,3172,484
1045,2018,212041460,3174,1419
1046,2018,212041563,3175,4619
1047,2018,212041565,3173,1172
1048,2018,212051319,3147,391
1049,2018,212051319,3148,505
1050,2018,212051322,3150,806
1051,2018,212051324,3149,375
1052,2018,212051325,3170,471
1053,2018,212051326,3166,975
1054,2018,212051567,3168,895
1055,2018,213011328,3020,2817
1056,2018,213011328,3022,142
1057,2018,213011331,3037,928
1058,2018,213011332,3038,761
1059,2018,213011334,3021,2056
1060,2018,213011569,3023,1834
1061,2018,213011570,3026,563
1062,2018,213021341,3018,441
1063,2018,213021343,3025,517
1064,2018,213021344,3015,533
1065,2018,213021346,3016,604
1066,2018,213031347,3019,491
1067,2018,213031348,3011,1978
1068,2018,213031349,3032,897
1069,2018,213031351,3012,958
1070,2018,213031352,3013,255
1071,2018,213051361,3029,2443
1072,2018,213051363,3027,154
1073,2018,213051363,3028,791
1074,2018,213051368,3030,2299
1075,2018,214011370,3201,1105
1076,2018,214011371,3199,3578
1077,2018,214011372,3200,515
1078,2018,214011374,3910,660
1079,2018,214011375,3198,1025
1080,2019,206011106,3057,197
1081,2019,206011107,3052,727
1082,2019,206011107,3055,428
1083,2019,206011109,3044,540
1084,2019,206011495,3056,1286
1085,2019,206021110,3078,431
1086,2019,206021112,3071,458
1087,2019,206021500,3070,619
1088,2019,206031115,3031,1211
1089,2019,206031116,3039,595
1090,2019,206031501,3041,406
1091,2019,206031502,3040,625
1092,2019,206041117,3053,623
1093,2019,206041118,3008,1368
1094,2019,206041119,3002,437
1095,2019,206041504,3000,1548
1096,2019,206041506,3051,975
1097,2019,206041509,3006,1291
1098,2019,206041510,3003,559
1099,2019,206051128,3206,373
1100,2019,206051129,3184,295
1101,2019,206051130,3207,664
1102,2019,206051134,3183,590
1103,2019,206051511,3205,918
1104,2019,206051514,3004,1725
1105,2019,206051514,3182,2799
1106,2019,206061135,3143,303
1107,2019,206061136,3181,1345
1108,2019,206061138,3142,389
1109,2019,206061515,3141,768
1110,2019,206071139,3067,762
1111,2019,206071140,3054,194
1112,2019,206071141,3066,1113
1113,2019,206071142,3065,1247
1114,2019,206071143,3068,391
1115,2019,206071518,3121,2390
1116,2019,207011147,3103,227
1117,2019,207011148,3104,301
1118,2019,207011149,3124,278
1119,2019,207011152,3123,212
1120,2019,207011154,3102,147
1121,2019,207011155,3126,140
1122,2019,207011519,3122,413
1123,2019,207011522,3101,328
1124,2019,207021156,3105,238
1125,2019,207021157,3108,424
1126,2019,207021159,3106,182
1127,2019,207021160,3107,205
1128,2019,207021425,3109,447
1129,2019,207031161,3130,688
1130,2019,207031163,3128,882
1131,2019,207031164,3129,243
1132,2019,207031165,3125,318
1133,2019,207031166,3151,286
1134,2019,207031167,3127,293
1135,2019,208011168,3193,288
1136,2019,208011169,3186,535
1137,2019,208011170,3187,272
1138,2019,208011171,3190,518
1139,2019,208011172,3188,656
1140,2019,208011173,3191,393
1141,2019,208021176,3163,531
1142,2019,208021177,3161,278
1143,2019,208021178,3162,377
1144,2019,208021179,3185,311
1145,2019,208021182,3204,673
1146,2019,208021426,3165,459
1147,2019,208031185,3197,666
1148,2019,208031186,3196,1053
1149,2019,208031188,3192,606
1150,2019,208031190,3194,555
1151,2019,208031191,3189,404
1152,2019,208031191,3202,117
1153,2019,208031193,3195,1213
1154,2019,208041194,3144,227
1155,2019,208041194,3146,294
1156,2019,208041195,3145,835
1157,2019,209011197,3088,598
1158,2019,209011199,3081,903
1159,2019,209011200,3079,583
1160,2019,209011201,3084,847
1161,2019,209011202,3093,102
1162,2019,209011202,3094,70
1163,2019,209011204,3087,387
1164,2019,209021205,3085,216
1165,2019,209021428,3072,1380
1166,2019,209021524,3073,1377
1167,2019,209031209,3095,514
1168,2019,209031210,3099,125
1169,2019,209031214,3113,126
1170,2019,209031215,3089,344
1171,2019,209041216,3083,1049
1172,2019,209041221,3082,816
1173,2019,209041223,3074,807
1174,2019,209041431,3076,1516
1175,2019,209041436,3752,445
1176,2019,209041530,3075,637
1177,2019,210011226,3042,578
1178,2019,210011228,3036,148
1179,2019,210011533,3033,236
1180,2019,210011533,3034,169
1181,2019,210031236,3058,1690
1182,2019,210031237,3060,439
1183,2019,210031535,3046,1386
1184,2019,210051242,3047,2161
1185,2019,210051243,3061,496
1186,2019,210051245,3049,335
1187,2019,210051247,3048,1004
1188,2019,210051250,3043,488
1189,2019,210051544,3064,2016
1190,2019,211011251,3153,1088
1191,2019,211011254,3179,326
1192,2019,211011254,3180,295
1193,2019,211011256,3178,1103
1194,2019,211011260,3152,989
1195,2019,211011446,3155,1445
1196,2019,211011447,3156,1121
1197,2019,211011449,3154,157
1198,2019,211021261,3111,177
1199,2019,211021261,3114,41
1200,2019,211031266,3134,1348
1201,2019,211031267,3135,527
1202,2019,211031450,3136,1370
1203,2019,211041269,3131,644
1204,2019,211041270,3132,362
1205,2019,211041272,3133,391
1206,2019,211051277,3137,331
1207,2019,211051278,3140,765
1208,2019,211051280,3765,247
1209,2019,211051281,3138,373
1210,2019,211051283,3796,348
1211,2019,211051284,3158,171
1212,2019,212021293,3806,939
1213,2019,212021295,3177,1025
1214,2019,212021297,3803,705
1215,2019,212021299,3804,146
1216,2019,212021454,3802,624
1217,2019,212021456,3805,1796
1218,2019,212031300,3977,3749
1219,2019,212031306,3975,448
1220,2019,212031562,3976,884
1221,2019,212041309,3167,340
1222,2019,212041310,3169,699
1223,2019,212041317,3171,1127
1224,2019,212041318,3172,723
1225,2019,212041460,3174,1017
1226,2019,212041563,3175,4390
1227,2019,212041565,3173,755
1228,2019,212051319,3147,466
1229,2019,212051319,3148,487
1230,2019,212051322,3150,1002
1231,2019,212051324,3149,463
1232,2019,212051325,3170,689
1233,2019,212051326,3166,909
1234,2019,212051567,3168,1109
1235,2019,213011328,3020,2336
1236,2019,213011328,3022,138
1237,2019,213011331,3037,932
1238,2019,213011332,3038,947
1239,2019,213011334,3021,2220
1240,2019,213011569,3023,1925
1241,2019,213011570,3026,362
1242,2019,213021341,3018,516
1243,2019,213021343,3025,544
1244,2019,213021344,3015,507
1245,2019,213021346,3016,644
1246,2019,213031347,3019,524
1247,2019,213031348,3011,1782
1248,2019,213031349,3032,1170
1249,2019,213031351,3012,943
1250,2019,213031352,3013,241
1251,2019,213051361,3029,2341
1252,2019,213051363,3027,296
1253,2019,213051363,3028,758
1254,2019,213051368,3030,2664
1255,2019,214011370,3201,1108
1256,2019,214011371,3199,3518
1257,2019,214011372,3200,610
1258,2019,214011374,3910,311
1259,2019,214011375,3198,946
1260,2020,206011106,3057,275
1261,2020,206011107,3052,672
1262,2020,206011107,3055,351
1263,2020,206011109,3044,640
1264,2020,206011495,3056,759
1265,2020,206021110,3078,465
1266,2020,206021112,3071,423
1267,2020,206021500,3070,646
1268,2020,206031115,3031,833
1269,2020,206031116,3039,933
1270,2020,206031501,3041,521
1271,2020,206031502,3040,704
1272,2020,206041117,3053,733
1273,2020,206041118,3008,1058
1274,2020,206041119,3002,622
1275,2020,206041504,3000,1535
1276,2020,206041506,3051,887
1277,2020,206041509,3006,1142
1278,2020,206041510,3003,709
1279,2020,206051128,3206,338
1280,2020,206051129,3184,357
1281,2020,206051130,3207,690
1282,2020,206051134,3183,635
1283,2020,206051511,3205,1032
1284,2020,206051514,3004,1909
1285,2020,206051514,3182,2652
1286,2020,206061135,3143,311
1287,2020,206061136,3181,1500
1288,2020,206061138,3142,470
1289,2020,206061515,3141,847
1290,2020,206071139,3067,906
1291,2020,206071140,3054,245
1292,2020,206071141,3066,1291
1293,2020,206071142,3065,1359
1294,2020,206071143,3068,474
1295,2020,206071518,3121,2457
1296,2020,207011147,3103,251
1297,2020,207011148,3104,132
1298,2020,207011149,3124,399
1299,2020,207011152,3123,181
1300,2020,207011154,3102,160
1301,2020,207011155,3126,98
1302,2020,207011519,3122,503
1303,2020,207011522,3101,623
1304,2020,207021156,3105,248
1305,2020,207021157,3108,525
1306,2020,207021159,3106,196
1307,2020,207021160,3107,268
1308,2020,207021425,3109,457
1309,2020,207031161,3130,584
1310,2020,207031163,3128,988
1311,2020,207031164,3129,171
1312,2020,207031165,3125,315
1313,2020,207031166,3151,541
1314,2020,207031167,3127,350
1315,2020,208011168,3193,321
1316,2020,208011169,3186,362
1317,2020,208011170,3187,262
1318,2020,208011171,3190,407
1319,2020,208011172,3188,613
1320,2020,208011173,3191,339
1321,2020,208021176,3163,943
1322,2020,208021177,3161,278
1323,2020,208021178,3162,546
1324,2020,208021179,3185,482
1325,2020,208021182,3204,872
1326,2020,208021426,3165,419
1327,2020,208031185,3197,591
1328,2020,208031186,3196,947
1329,2020,208031188,3192,535
1330,2020,208031190,3194,461
1331,2020,208031191,3189,624
1332,2020,208031191,3202,139
1333,2020,208031193,3195,1267
1334,2020,208041194,3144,407
1335,2020,208041194,3146,500
1336,2020,208041195,3145,796
1337,2020,209011197,3088,581
1338,2020,209011199,3081,947
1339,2020,209011200,3079,594
1340,2020,209011201,3084,931
1341,2020,209011202,3093,122
1342,2020,209011202,3094,130
1343,2020,209011204,3087,187
1344,2020,209021205,3085,300
1345,2020,209021428,3072,1542
1346,2020,209021524,3073,1513
1347,2020,209031209,3095,501
1348,2020,209031210,3099,136
1349,2020,209031214,3113,137
1350,2020,209031215,3089,273
1351,2020,209041216,3083,1038
1352,2020,209041221,3082,624
1353,2020,209041223,3074,1008
1354,2020,209041431,3076,1133
1355,2020,209041436,3752,460
1356,2020,209041530,3075,806
1357,2020,210011226,3042,847
1358,2020,210011228,3036,203
1359,2020,210011533,3033,248
1360,2020,210011533,3034,288
1361,2020,210031236,3058,1100
1362,2020,210031237,3060,439
1363,2020,210031535,3046,1093
1364,2020,210051242,3047,1924
1365,2020,210051243,3061,351
1366,2020,210051245,3049,232
1367,2020,210051247,3048,833
1368,2020,210051250,3043,823
1369,2020,210051544,3064,2374
1370,2020,211011251,3153,1193
1371,2020,211011254,3179,249
1372,2020,211011254,3180,308
1373,2020,211011256,3178,473
1374,2020,211011260,3152,1067
1375,2020,211011446,3155,935
1376,2020,211011447,3156,1245
1377,2020,211011449,3154,168
1378,2020,211021261,3111,218
1379,2020,211021261,3114,29
1380,2020,211031266,3134,1454
1381,2020,211031267,3135,619
1382,2020,211031450,3136,1047
1383,2020,211041269,3131,463
1384,2020,211041270,3132,311
1385,2020,211041272,3133,382
1386,2020,211051277,3137,229
1387,2020,211051278,3140,677
1388,2020,211051280,3765,215
1389,2020,211051281,3138,539
1390,2020,211051283,3796,132
1391,2020,211051284,3158,152
1392,2020,212021293,3806,700
1393,2020,212021295,3177,820
1394,2020,212021297,3803,628
1395,2020,212021299,3804,164
1396,2020,212021454,3802,544
1397,2020,212021456,3805,1818
1398,2020,212031300,3977,3681
1399,2020,212031306,3975,406
1400,2020,212031562,3976,779
1401,2020,212041309,3167,236
1402,2020,212041310,3169,511
1403,2020,212041317,3171,1043
1404,2020,212041318,3172,665
1405,2020,212041460,3174,1204
1406,2020,212041563,3175,3186
1407,2020,212041565,3173,650
1408,2020,212051319,3147,689
1409,2020,212051319,3148,423
1410,2020,212051322,3150,1074
1411,2020,212051324,3149,401
1412,2020,212051325,3170,404
1413,2020,212051326,3166,991
1414,2020,212051567,3168,1244
1415,2020,213011328,3020,3582
1416,2020,213011328,3022,221
1417,2020,213011331,3037,985
1418,2020,213011332,3038,863
1419,2020,213011334,3021,2516
1420,2020,213011569,3023,2412
1421,2020,213011570,3026,567
1422,2020,213021341,3018,379
1423,2020,213021343,3025,396
1424,2020,213021344,3015,403
1425,2020,213021346,3016,538
1426,2020,213031347,3019,837
1427,2020,213031348,3011,1409
1428,2020,213031349,3032,1520
1429,2020,213031351,3012,917
1430,2020,213031352,3013,410
1431,2020,213051361,3029,2479
1432,2020,213051363,3027,168
1433,2020,213051363,3028,865
1434,2020,213051368,3030,3146
1435,2020,214011370,3201,1071
1436,2020,214011371,3199,2908
1437,2020,214011372,3200,535
1438,2020,214011374,3910,422
1439,2020,214011375,3198,1106
1440,2021,206011106,3057,279
1441,2021,206011107,3052,795
1442,2021,206011107,3055,224
1443,2021,206011109,3044,677
1444,2021,206011495,3056,1046
1445,2021,206021110,3078,435
1446,2021,206021112,3071,466
1447,2021,206021500,3070,754
1448,2021,206031115,3031,626
1449,2021,206031116,3039,623
1450,2021,206031501,3041,497
1451,2021,206031502,3040,721
1452,2021,206041117,3053,926
1453,2021,206041118,3008,1564
1454,2021,206041119,3002,602
1455,2021,206041504,3000,1073
1456,2021,206041506,3051,1057
1457,2021,206041509,3006,1391
1458,2021,206041510,3003,428
1459,2021,206051128,3206,422
1460,2021,206051129,3184,553
1461,2021,206051130,3207,839
1462,2021,206051134,3183,885
1463,2021,206051511,3205,1624
1464,2021,206051514,3004,1559
1465,2021,206051514,3182,2269
1466,2021,206061135,3143,291
1467,2021,206061136,3181,1736
1468,2021,206061138,3142,368
1469,2021,206061515,3141,949
1470,2021,206071139,3067,554
1471,2021,206071140,3054,268
1472,2021,206071141,3066,1555
1473,2021,206071142,3065,868
1474,2021,206071143,3068,502
1475,2021,206071518,3121,2339
1476,2021,207011147,3103,430
1477,2021,207011148,3104,174
1478,2021,207011149,3124,406
1479,2021,207011152,3123,371
1480,2021,207011154,3102,117
1481,2021,207011155,3126,94
1482,2021,207011519,3122,413
1483,2021,207011522,3101,1093
1484,2021,207021156,3105,214
1485,2021,207021157,3108,534
1486,2021,207021159,3106,380
1487,2021,207021160,3107,255
1488,2021,207021425,3109,288
1489,2021,207031161,3130,1032
1490,2021,207031163,3128,1176
1491,2021,207031164,3129,320
1492,2021,207031165,3125,400
1493,2021,207031166,3151,316
1494,2021,207031167,3127,396
1495,2021,208011168,3193,275
1496,2021,208011169,3186,757
1497,2021,208011170,3187,267
1498,2021,208011171,3190,383
1499,2021,208011172,3188,810
1500,2021,208011173,3191,346
1501,2021,208021176,3163,1150
1502,2021,208021177,3161,269
1503,2021,208021178,3162,527
1504,2021,208021179,3185,650
1505,2021,208021182,3204,929
1506,2021,208021426,3165,380
1507,2021,208031185,3197,464
1508,2021,208031186,3196,932
1509,2021,208031188,3192,708
1510,2021,208031190,3194,613
1511,2021,208031191,3189,524
1512,2021,208031191,3202,114
1513,2021,208031193,3195,1296
1514,2021,208041194,3144,315
1515,2021,208041194,3146,522
1516,2021,208041195,3145,1074
1517,2021,209011197,3088,477
1518,2021,209011199,3081,1011
1519,2021,209011200,3079,394
1520,2021,209011201,3084,1293
1521,2021,209011202,3093,112
1522,2021,209011202,3094,116
1523,2021,209011204,3087,361
1524,2021,209021205,3085,261
1525,2021,209021428,3072,1694
1526,2021,209021524,3073,1787
1527,2021,209031209,3095,483
1528,2021,209031210,3099,132
1529,2021,209031214,3113,93
1530,2021,209031215,3089,257
1531,2021,209041216,3083,1292
1532,2021,209041221,3082,694
1533,2021,209041223,3074,1089
1534,2021,209041431,3076,1355
1535,2021,209041436,3752,416
1536,2021,209041530,3075,711
1537,2021,210011226,3042,519
1538,2021,210011228,3036,227
1539,2021,210011533,3033,312
1540,2021,210011533,3034,184
1541,2021,210031236,3058,1134
1542,2021,210031237,3060,307
1543,2021,210031535,3046,1373
1544,2021,210051242,3047,2345
1545,2021,210051243,3061,424
1546,2021,210051245,3049,448
1547,2021,210051247,3048,1279
1548,2021,210051250,3043,866
1549,2021,210051544,3064,2856
1550,2021,211011251,3153,1133
1551,2021,211011254,3179,289
1552,2021,211011254,3180,351
1553,2021,211011256,3178,772
1554,2021,211011260,3152,1247
1555,2021,211011446,3155,1330
1556,2021,211011447,3156,1664
1557,2021,211011449,3154,299
1558,2021,211021261,3111,135
1559,2021,211021261,3114,49
1560,2021,211031266,3134,1323
1561,2021,211031267,3135,661
1562,2021,211031450,3136,1515
1563,2021,211041269,3131,621
1564,2021,211041270,3132,400
1565,2021,211041272,3133,468
1566,2021,211051277,3137,391
1567,2021,211051278,3140,940
1568,2021,211051280,3765,214
1569,2021,211051281,3138,462
1570,2021,211051283,3796,264
1571,2021,211051284,3158,125
1572,2021,212021293,3806,1105
1573,2021,212021295,3177,718
1574,2021,212021297,3803,638
1575,2021,212021299,3804,212
1576,2021,212021454,3802,712
1577,2021,212021456,3805,1446
1578,2021,212031300,3977,4035
1579,2021,212031306,3975,559
1580,2021,212031562,3976,688
1581,2021,212041309,3167,428
1582,2021,212041310,3169,507
1583,2021,212041317,3171,1100
1584,2021,212041318,3172,607
1585,2021,212041460,3174,1214
1586,2021,212041563,3175,4463
1587,2021,212041565,3173,933
1588,2021,212051319,3147,722
1589,2021,212051319,3148,561
1590,2021,212051322,3150,1266
1591,2021,212051324,3149,528
1592,2021,212051325,3170,925
1593,2021,212051326,3166,892
1594,2021,212051567,3168,1330
1595,2021,213011328,3020,2709
1596,2021,213011328,3022,236
1597,2021,213011331,3037,1152
1598,2021,213011332,3038,635
1599,2021,213011334,3021,2565
1600,2021,213011569,3023,2209
1601,2021,213011570,3026,315
1602,2021,213021341,3018,403
1603,2021,213021343,3025,557
1604,2021,213021344,3015,453
1605,2021,213021346,3016,614
1606,2021,213031347,3019,792
1607,2021,213031348,3011,1401
1608,2021,213031349,3032,1248
1609,2021,213031351,3012,1163
1610,2021,213031352,3013,421
1611,2021,213051361,3029,3150
1612,2021,213051363,3027,241
1613,2021,213051363,3028,1065
1614,2021,213051368,3030,3243
1615,2021,214011370,3201,921
1616,2021,214011371,3199,3338
1617,2021,214011372,3200,548
1618,2021,214011374,3910,412
1619,2021,214011375,3198,1018
1620,2022,206011106,3057,271
1621,2022,206011107,3052,751
1622,2022,206011107,3055,534
1623,2022,206011109,3044,504
1624,2022,206011495,3056,827
1625,2022,206021110,3078,454
1626,2022,206021112,3071,391
1627,2022,206021500,3070,501
1628,2022,206031115,3031,693
1629,2022,206031116,3039,547
1630,2022,206031501,3041,472
1631,2022,206031502,3040,673
1632,2022,206041117,3053,963
1633,2022,206041118,3008,1671
1634,2022,206041119,3002,488
1635,2022,206041504,3000,1169
1636,2022,206041506,3051,1144
1637,2022,206041509,3006,1349
1638,2022,206041510,3003,783
1639,2022,206051128,3206,312
1640,2022,206051129,3184,438
1641,2022,206051130,3207,565
1642,2022,206051134,3183,720
1643,2022,206051511,3205,801
1644,2022,206051514,3004,1899
1645,2022,206051514,3182,2263
1646,2022,206061135,3143,417
1647,2022,206061136,3181,1512
1648,2022,206061138,3142,340
1649,2022,206061515,3141,997
1650,2022,206071139,3067,814
1651,2022,206071140,3054,301
1652,2022,206071141,3066,1062
1653,2022,206071142,3065,1134
1654,2022,206071143,3068,510
1655,2022,206071518,3121,1923
1656,2022,207011147,3103,330
1657,2022,207011148,3104,249
1658,2022,207011149,3124,417
1659,2022,207011152,3123,343
1660,2022,207011154,3102,131
1661,2022,207011155,3126,68
1662,2022,207011519,3122,525
1663,2022,207011522,3101,472
1664,2022,207021156,3105,304
1665,2022,207021157,3108,512
1666,2022,207021159,3106,235
1667,2022,207021160,3107,293
1668,2022,207021425,3109,278
1669,2022,207031161,3130,713
1670,2022,207031163,3128,902
1671,2022,207031164,3129,282
1672,2022,207031165,3125,254
1673,2022,207031166,3151,289
1674,2022,207031167,3127,335
1675,2022,208011168,3193,211
1676,2022,208011169,3186,629
1677,2022,208011170,3187,485
1678,2022,208011171,3190,428
1679,2022,208011172,3188,488
1680,2022,208011173,3191,329
1681,2022,208021176,3163,747
1682,2022,208021177,3161,331
1683,2022,208021178,3162,360
1684,2022,208021179,3185,342
1685,2022,208021182,3204,708
1686,2022,208021426,3165,364
1687,2022,208031185,3197,549
1688,2022,208031186,3196,708
1689,2022,208031188,3192,469
1690,2022,208031190,3194,375
1691,2022,208031191,3189,351
1692,2022,208031191,3202,128
1693,2022,208031193,3195,1262
1694,2022,208041194,3144,412
1695,2022,208041194,3146,355
1696,2022,208041195,3145,1129
1697,2022,209011197,3088,647
1698,2022,209011199,3081,1201
1699,2022,209011200,3079,440
1700,2022,209011201,3084,736
1701,2022,209011202,3093,95
1702,2022,209011202,3094,94
1703,2022,209011204,3087,237
1704,2022,209021205,3085,254
1705,2022,209021428,3072,1468
1706,2022,209021524,3073,1689
1707,2022,209031209,3095,375
1708,2022,209031210,3099,154
1709,2022,209031214,3113,110
1710,2022,209031215,3089,159
1711,2022,209041216,3083,1067
1712,2022,209041221,3082,587
1713,2022,209041223,3074,854
1714,2022,209041431,3076,1168
1715,2022,209041436,3752,405
1716,2022,209041530,3075,767
1717,2022,210011226,3042,632
1718,2022,210011228,3036,158
1719,2022,210011533,3033,265
1720,2022,210011533,3034,205
1721,2022,210031236,3058,1248
1722,2022,210031237,3060,282
1723,2022,210031535,3046,1028
1724,2022,210051242,3047,1542
1725,2022,210051243,3061,413
1726,2022,210051245,3049,254
1727,2022,210051247,3048,939
1728,2022,210051250,3043,628
1729,2022,210051544,3064,2521
1730,2022,211011251,3153,1005
1731,2022,211011254,3179,316
1732,2022,211011254,3180,251
1733,2022,211011256,3178,509
1734,2022,211011260,3152,920
1735,2022,211011446,3155,981
1736,2022,211011447,3156,828
1737,2022,211011449,3154,106
1738,2022,211021261,3111,192
1739,2022,211021261,3114,62
1740,2022,211031266,3134,1164
1741,2022,211031267,3135,416
1742,2022,211031450,3136,1233
1743,2022,211041269,3131,561
1744,2022,211041270,3132,334
1745,2022,211041272,3133,472
1746,2022,211051277,3137,381
1747,2022,211051278,3140,539
1748,2022,211051280,3765,151
1749,2022,211051281,3138,439
1750,2022,211051283,3796,173
1751,2022,211051284,3158,113
1752,2022,212021293,3806,974
1753,2022,212021295,3177,714
1754,2022,212021297,3803,458
1755,2022,212021299,3804,235
1756,2022,212021454,3802,633
1757,2022,212021456,3805,1578
1758,2022,212031300,3977,3660
1759,2022,212031306,3975,545
1760,2022,212031562,3976,671
1761,2022,212041309,3167,273
1762,2022,212041310,3169,504
1763,2022,212041317,3171,1003
1764,2022,212041318,3172,444
1765,2022,212041460,3174,1479
1766,2022,212041563,3175,3698
1767,2022,212041565,3173,586
1768,2022,212051319,3147,691
1769,2022,212051319,3148,207
1770,2022,212051322,3150,1047
1771,2022,212051324,3149,771
1772,2022,212051325,3170,737
1773,2022,212051326,3166,1006
1774,2022,212051567,3168,1119
1775,2022,213011328,3020,2517
1776,2022,213011328,3022,167
1777,2022,213011331,3037,894
1778,2022,213011332,3038,636
1779,2022,213011334,3021,2525
1780,2022,213011569,3023,2144
1781,2022,213011570,3026,417
1782,2022,213021341,3018,508
1783,2022,213021343,3025,340
1784,2022,213021344,3015,486
1785,2022,213021346,3016,561
1786,2022,213031347,3019,528
1787,2022,213031348,3011,2029
1788,2022,213031349,3032,1169
1789,2022,213031351,3012,1029
1790,2022,213031352,3013,462
1791,2022,213051361,3029,3156
1792,2022,213051363,3027,222
1793,2022,213051363,3028,815
1794,2022,213051368,3030,3255
1795,2022,214011370,3201,675
1796,2022,214011371,3199,2994
1797,2022,214011372,3200,437
1798,2022,214011374,3910,344
1799,2022,214011375,3198,800
