,Year,SA2_codes,Offence Count
0,2013,206011106.0,156.0
1,2013,206011107.0,390.5
2,2013,206011109.0,514.0
3,2013,206011495.0,732.0
4,2013,206021110.0,314.0
5,2013,206021112.0,386.0
6,2013,206021500.0,476.0
7,2013,206031115.0,890.0
8,2013,206031116.0,423.0
9,2013,206031501.0,257.0
10,2013,206031502.0,508.0
11,2013,206041117.0,351.0
12,2013,206041118.0,489.0
13,2013,206041119.0,463.0
14,2013,206041504.0,1497.0
15,2013,206041506.0,538.0
16,2013,206041509.0,591.0
17,2013,206041510.0,373.0
18,2013,206051128.0,308.0
19,2013,206051129.0,301.0
20,2013,206051130.0,543.0
21,2013,206051134.0,491.0
22,2013,206051511.0,946.0
23,2013,206051514.0,1813.0
24,2013,206061135.0,139.0
25,2013,206061136.0,1029.0
26,2013,206061138.0,316.0
27,2013,206061515.0,565.0
28,2013,206071139.0,285.0
29,2013,206071140.0,191.0
30,2013,206071141.0,952.0
31,2013,206071142.0,1199.0
32,2013,206071143.0,362.0
33,2013,206071518.0,2091.0
34,2013,207011147.0,151.0
35,2013,207011148.0,168.0
36,2013,207011149.0,297.0
37,2013,207011152.0,219.0
38,2013,207011154.0,103.0
39,2013,207011155.0,51.0
40,2013,207011519.0,561.0
41,2013,207011522.0,414.0
42,2013,207021156.0,143.0
43,2013,207021157.0,398.0
44,2013,207021159.0,131.0
45,2013,207021160.0,138.0
46,2013,207021425.0,328.0
47,2013,207031161.0,431.0
48,2013,207031163.0,794.0
49,2013,207031164.0,150.0
50,2013,207031165.0,287.0
51,2013,207031166.0,137.0
52,2013,207031167.0,178.0
53,2013,208011168.0,256.0
54,2013,208011169.0,427.0
55,2013,208011170.0,196.0
56,2013,208011171.0,370.0
57,2013,208011172.0,474.0
58,2013,208011173.0,241.0
59,2013,208021176.0,447.0
60,2013,208021177.0,218.0
61,2013,208021178.0,278.0
62,2013,208021179.0,390.0
63,2013,208021182.0,555.0
64,2013,208021426.0,392.0
65,2013,208031185.0,317.0
66,2013,208031186.0,745.0
67,2013,208031188.0,416.0
68,2013,208031190.0,332.0
69,2013,208031191.0,252.5
70,2013,208031193.0,1015.0
71,2013,208041194.0,257.0
72,2013,208041195.0,462.0
73,2013,209011197.0,669.0
74,2013,209011199.0,872.0
75,2013,209011200.0,266.0
76,2013,209011201.0,617.0
77,2013,209011202.0,123.5
78,2013,209011204.0,226.0
79,2013,209021205.0,237.0
80,2013,209021428.0,1322.0
81,2013,209021524.0,1436.0
82,2013,209031209.0,493.0
83,2013,209031210.0,118.0
84,2013,209031214.0,162.0
85,2013,209031215.0,367.0
86,2013,209041216.0,662.0
87,2013,209041221.0,603.0
88,2013,209041223.0,686.0
89,2013,209041431.0,746.0
90,2013,209041436.0,630.0
91,2013,209041530.0,613.0
92,2013,210011226.0,421.0
93,2013,210011228.0,78.0
94,2013,210011533.0,285.0
95,2013,210031236.0,895.0
96,2013,210031237.0,231.0
97,2013,210031535.0,1125.0
98,2013,210051242.0,2064.0
99,2013,210051243.0,315.0
100,2013,210051245.0,309.0
101,2013,210051247.0,857.0
102,2013,210051250.0,582.0
103,2013,210051544.0,1573.0
104,2013,211011251.0,733.0
105,2013,211011254.0,175.5
106,2013,211011256.0,556.0
107,2013,211011260.0,760.0
108,2013,211011446.0,797.0
109,2013,211011447.0,911.0
110,2013,211011449.0,89.0
111,2013,211021261.0,54.0
112,2013,211031266.0,1185.0
113,2013,211031267.0,383.0
114,2013,211031450.0,1013.0
115,2013,211041269.0,379.0
116,2013,211041270.0,214.0
117,2013,211041272.0,227.0
118,2013,211051277.0,305.0
119,2013,211051278.0,830.0
120,2013,211051280.0,112.0
121,2013,211051281.0,397.0
122,2013,211051283.0,137.0
123,2013,211051284.0,142.0
124,2013,212021293.0,1053.0
125,2013,212021295.0,766.0
126,2013,212021297.0,468.0
127,2013,212021299.0,139.0
128,2013,212021454.0,579.0
129,2013,212021456.0,1542.0
130,2013,212031300.0,2095.0
131,2013,212031306.0,219.0
132,2013,212031562.0,682.0
133,2013,212041309.0,213.0
134,2013,212041310.0,427.0
135,2013,212041317.0,635.0
136,2013,212041318.0,520.0
137,2013,212041460.0,1509.0
138,2013,212041563.0,3505.0
139,2013,212041565.0,539.0
140,2013,212051319.0,225.0
141,2013,212051322.0,501.0
142,2013,212051324.0,254.0
143,2013,212051325.0,217.0
144,2013,212051326.0,498.0
145,2013,212051567.0,528.0
146,2013,213011328.0,1212.0
147,2013,213011331.0,1128.0
148,2013,213011332.0,708.0
149,2013,213011334.0,2092.0
150,2013,213011569.0,1682.0
151,2013,213011570.0,268.0
152,2013,213021341.0,472.0
153,2013,213021343.0,437.0
154,2013,213021344.0,454.0
155,2013,213021346.0,791.0
156,2013,213031347.0,376.0
157,2013,213031348.0,1077.0
158,2013,213031349.0,943.0
159,2013,213031351.0,900.0
160,2013,213031352.0,294.0
161,2013,213051361.0,1599.0
162,2013,213051363.0,447.5
163,2013,213051368.0,2664.0
164,2013,214011370.0,808.0
165,2013,214011371.0,3314.0
166,2013,214011372.0,481.0
167,2013,214011374.0,439.0
168,2013,214011375.0,884.0
169,2014,206011106.0,181.0
170,2014,206011107.0,384.0
171,2014,206011109.0,468.0
172,2014,206011495.0,745.0
173,2014,206021110.0,332.0
174,2014,206021112.0,460.0
175,2014,206021500.0,629.0
176,2014,206031115.0,748.0
177,2014,206031116.0,406.0
178,2014,206031501.0,292.0
179,2014,206031502.0,618.0
180,2014,206041117.0,652.0
181,2014,206041118.0,556.0
182,2014,206041119.0,445.0
183,2014,206041504.0,1392.0
184,2014,206041506.0,1106.0
185,2014,206041509.0,754.0
186,2014,206041510.0,307.0
187,2014,206051128.0,252.0
188,2014,206051129.0,384.0
189,2014,206051130.0,439.0
190,2014,206051134.0,545.0
191,2014,206051511.0,938.0
192,2014,206051514.0,1817.0
193,2014,206061135.0,168.0
194,2014,206061136.0,1094.0
195,2014,206061138.0,331.0
196,2014,206061515.0,801.0
197,2014,206071139.0,755.0
198,2014,206071140.0,206.0
199,2014,206071141.0,799.0
200,2014,206071142.0,1192.0
201,2014,206071143.0,447.0
202,2014,206071518.0,1404.0
203,2014,207011147.0,297.0
204,2014,207011148.0,284.0
205,2014,207011149.0,347.0
206,2014,207011152.0,124.0
207,2014,207011154.0,72.0
208,2014,207011155.0,107.0
209,2014,207011519.0,377.0
210,2014,207011522.0,383.0
211,2014,207021156.0,203.0
212,2014,207021157.0,293.0
213,2014,207021159.0,143.0
214,2014,207021160.0,135.0
215,2014,207021425.0,173.0
216,2014,207031161.0,460.0
217,2014,207031163.0,600.0
218,2014,207031164.0,192.0
219,2014,207031165.0,276.0
220,2014,207031166.0,156.0
221,2014,207031167.0,192.0
222,2014,208011168.0,262.0
223,2014,208011169.0,424.0
224,2014,208011170.0,164.0
225,2014,208011171.0,387.0
226,2014,208011172.0,593.0
227,2014,208011173.0,234.0
228,2014,208021176.0,666.0
229,2014,208021177.0,241.0
230,2014,208021178.0,304.0
231,2014,208021179.0,372.0
232,2014,208021182.0,497.0
233,2014,208021426.0,466.0
234,2014,208031185.0,375.0
235,2014,208031186.0,706.0
236,2014,208031188.0,540.0
237,2014,208031190.0,398.0
238,2014,208031191.0,258.5
239,2014,208031193.0,836.0
240,2014,208041194.0,255.5
241,2014,208041195.0,488.0
242,2014,209011197.0,408.0
243,2014,209011199.0,915.0
244,2014,209011200.0,329.0
245,2014,209011201.0,835.0
246,2014,209011202.0,88.0
247,2014,209011204.0,169.0
248,2014,209021205.0,225.0
249,2014,209021428.0,1351.0
250,2014,209021524.0,1661.0
251,2014,209031209.0,384.0
252,2014,209031210.0,67.0
253,2014,209031214.0,81.0
254,2014,209031215.0,191.0
255,2014,209041216.0,747.0
256,2014,209041221.0,712.0
257,2014,209041223.0,819.0
258,2014,209041431.0,1007.0
259,2014,209041436.0,439.0
260,2014,209041530.0,601.0
261,2014,210011226.0,593.0
262,2014,210011228.0,114.0
263,2014,210011533.0,302.0
264,2014,210031236.0,1107.0
265,2014,210031237.0,253.0
266,2014,210031535.0,1169.0
267,2014,210051242.0,2018.0
268,2014,210051243.0,395.0
269,2014,210051245.0,343.0
270,2014,210051247.0,909.0
271,2014,210051250.0,497.0
272,2014,210051544.0,1364.0
273,2014,211011251.0,853.0
274,2014,211011254.0,212.0
275,2014,211011256.0,506.0
276,2014,211011260.0,624.0
277,2014,211011446.0,832.0
278,2014,211011447.0,917.0
279,2014,211011449.0,96.0
280,2014,211021261.0,110.0
281,2014,211031266.0,1535.0
282,2014,211031267.0,494.0
283,2014,211031450.0,1096.0
284,2014,211041269.0,312.0
285,2014,211041270.0,236.0
286,2014,211041272.0,281.0
287,2014,211051277.0,270.0
288,2014,211051278.0,636.0
289,2014,211051280.0,150.0
290,2014,211051281.0,537.0
291,2014,211051283.0,204.0
292,2014,211051284.0,155.0
293,2014,212021293.0,1029.0
294,2014,212021295.0,546.0
295,2014,212021297.0,577.0
296,2014,212021299.0,120.0
297,2014,212021454.0,878.0
298,2014,212021456.0,1432.0
299,2014,212031300.0,2116.0
300,2014,212031306.0,272.0
301,2014,212031562.0,656.0
302,2014,212041309.0,380.0
303,2014,212041310.0,474.0
304,2014,212041317.0,1065.0
305,2014,212041318.0,645.0
306,2014,212041460.0,1408.0
307,2014,212041563.0,3571.0
308,2014,212041565.0,767.0
309,2014,212051319.0,364.0
310,2014,212051322.0,680.0
311,2014,212051324.0,244.0
312,2014,212051325.0,370.0
313,2014,212051326.0,639.0
314,2014,212051567.0,620.0
315,2014,213011328.0,1713.5
316,2014,213011331.0,981.0
317,2014,213011332.0,550.0
318,2014,213011334.0,2212.0
319,2014,213011569.0,1885.0
320,2014,213011570.0,309.0
321,2014,213021341.0,453.0
322,2014,213021343.0,312.0
323,2014,213021344.0,444.0
324,2014,213021346.0,604.0
325,2014,213031347.0,478.0
326,2014,213031348.0,1410.0
327,2014,213031349.0,1142.0
328,2014,213031351.0,1127.0
329,2014,213031352.0,418.0
330,2014,213051361.0,1649.0
331,2014,213051363.0,535.5
332,2014,213051368.0,2427.0
333,2014,214011370.0,894.0
334,2014,214011371.0,3311.0
335,2014,214011372.0,518.0
336,2014,214011374.0,357.0
337,2014,214011375.0,758.0
338,2015,206011106.0,232.0
339,2015,206011107.0,459.5
340,2015,206011109.0,543.0
341,2015,206011495.0,1107.0
342,2015,206021110.0,365.0
343,2015,206021112.0,314.0
344,2015,206021500.0,518.0
345,2015,206031115.0,1243.0
346,2015,206031116.0,623.0
347,2015,206031501.0,382.0
348,2015,206031502.0,601.0
349,2015,206041117.0,458.0
350,2015,206041118.0,769.0
351,2015,206041119.0,436.0
352,2015,206041504.0,1727.0
353,2015,206041506.0,980.0
354,2015,206041509.0,637.0
355,2015,206041510.0,283.0
356,2015,206051128.0,229.0
357,2015,206051129.0,376.0
358,2015,206051130.0,550.0
359,2015,206051134.0,470.0
360,2015,206051511.0,1114.0
361,2015,206051514.0,2201.5
362,2015,206061135.0,173.0
363,2015,206061136.0,1186.0
364,2015,206061138.0,358.0
365,2015,206061515.0,970.0
366,2015,206071139.0,867.0
367,2015,206071140.0,209.0
368,2015,206071141.0,1290.0
369,2015,206071142.0,1281.0
370,2015,206071143.0,409.0
371,2015,206071518.0,1865.0
372,2015,207011147.0,307.0
373,2015,207011148.0,189.0
374,2015,207011149.0,336.0
375,2015,207011152.0,127.0
376,2015,207011154.0,87.0
377,2015,207011155.0,69.0
378,2015,207011519.0,336.0
379,2015,207011522.0,386.0
380,2015,207021156.0,337.0
381,2015,207021157.0,494.0
382,2015,207021159.0,216.0
383,2015,207021160.0,177.0
384,2015,207021425.0,248.0
385,2015,207031161.0,487.0
386,2015,207031163.0,823.0
387,2015,207031164.0,167.0
388,2015,207031165.0,371.0
389,2015,207031166.0,119.0
390,2015,207031167.0,229.0
391,2015,208011168.0,210.0
392,2015,208011169.0,433.0
393,2015,208011170.0,193.0
394,2015,208011171.0,395.0
395,2015,208011172.0,701.0
396,2015,208011173.0,243.0
397,2015,208021176.0,542.0
398,2015,208021177.0,226.0
399,2015,208021178.0,384.0
400,2015,208021179.0,350.0
401,2015,208021182.0,657.0
402,2015,208021426.0,423.0
403,2015,208031185.0,548.0
404,2015,208031186.0,685.0
405,2015,208031188.0,613.0
406,2015,208031190.0,353.0
407,2015,208031191.0,347.0
408,2015,208031193.0,1008.0
409,2015,208041194.0,275.5
410,2015,208041195.0,668.0
411,2015,209011197.0,576.0
412,2015,209011199.0,873.0
413,2015,209011200.0,300.0
414,2015,209011201.0,1030.0
415,2015,209011202.0,98.5
416,2015,209011204.0,282.0
417,2015,209021205.0,286.0
418,2015,209021428.0,1218.0
419,2015,209021524.0,1431.0
420,2015,209031209.0,395.0
421,2015,209031210.0,112.0
422,2015,209031214.0,111.0
423,2015,209031215.0,263.0
424,2015,209041216.0,831.0
425,2015,209041221.0,774.0
426,2015,209041223.0,707.0
427,2015,209041431.0,945.0
428,2015,209041436.0,457.0
429,2015,209041530.0,516.0
430,2015,210011226.0,661.0
431,2015,210011228.0,148.0
432,2015,210011533.0,275.0
433,2015,210031236.0,1057.0
434,2015,210031237.0,241.0
435,2015,210031535.0,1002.0
436,2015,210051242.0,1768.0
437,2015,210051243.0,423.0
438,2015,210051245.0,363.0
439,2015,210051247.0,735.0
440,2015,210051250.0,570.0
441,2015,210051544.0,2079.0
442,2015,211011251.0,788.0
443,2015,211011254.0,219.0
444,2015,211011256.0,737.0
445,2015,211011260.0,1049.0
446,2015,211011446.0,1137.0
447,2015,211011447.0,889.0
448,2015,211011449.0,98.0
449,2015,211021261.0,84.5
450,2015,211031266.0,1172.0
451,2015,211031267.0,631.0
452,2015,211031450.0,1382.0
453,2015,211041269.0,494.0
454,2015,211041270.0,249.0
455,2015,211041272.0,254.0
456,2015,211051277.0,373.0
457,2015,211051278.0,910.0
458,2015,211051280.0,131.0
459,2015,211051281.0,638.0
460,2015,211051283.0,191.0
461,2015,211051284.0,146.0
462,2015,212021293.0,756.0
463,2015,212021295.0,849.0
464,2015,212021297.0,464.0
465,2015,212021299.0,133.0
466,2015,212021454.0,598.0
467,2015,212021456.0,1831.0
468,2015,212031300.0,2819.0
469,2015,212031306.0,363.0
470,2015,212031562.0,650.0
471,2015,212041309.0,296.0
472,2015,212041310.0,549.0
473,2015,212041317.0,978.0
474,2015,212041318.0,555.0
475,2015,212041460.0,2134.0
476,2015,212041563.0,2985.0
477,2015,212041565.0,492.0
478,2015,212051319.0,302.5
479,2015,212051322.0,674.0
480,2015,212051324.0,430.0
481,2015,212051325.0,710.0
482,2015,212051326.0,762.0
483,2015,212051567.0,605.0
484,2015,213011328.0,1566.5
485,2015,213011331.0,1022.0
486,2015,213011332.0,589.0
487,2015,213011334.0,2318.0
488,2015,213011569.0,1854.0
489,2015,213011570.0,287.0
490,2015,213021341.0,548.0
491,2015,213021343.0,605.0
492,2015,213021344.0,533.0
493,2015,213021346.0,584.0
494,2015,213031347.0,641.0
495,2015,213031348.0,1720.0
496,2015,213031349.0,919.0
497,2015,213031351.0,930.0
498,2015,213031352.0,307.0
499,2015,213051361.0,1808.0
500,2015,213051363.0,591.0
501,2015,213051368.0,2213.0
502,2015,214011370.0,997.0
503,2015,214011371.0,2984.0
504,2015,214011372.0,572.0
505,2015,214011374.0,548.0
506,2015,214011375.0,858.0
507,2016,206011106.0,181.0
508,2016,206011107.0,501.5
509,2016,206011109.0,576.0
510,2016,206011495.0,989.0
511,2016,206021110.0,283.0
512,2016,206021112.0,357.0
513,2016,206021500.0,708.0
514,2016,206031115.0,1133.0
515,2016,206031116.0,598.0
516,2016,206031501.0,406.0
517,2016,206031502.0,506.0
518,2016,206041117.0,739.0
519,2016,206041118.0,748.0
520,2016,206041119.0,548.0
521,2016,206041504.0,1382.0
522,2016,206041506.0,1219.0
523,2016,206041509.0,747.0
524,2016,206041510.0,452.0
525,2016,206051128.0,249.0
526,2016,206051129.0,397.0
527,2016,206051130.0,628.0
528,2016,206051134.0,769.0
529,2016,206051511.0,1043.0
530,2016,206051514.0,2173.0
531,2016,206061135.0,201.0
532,2016,206061136.0,1458.0
533,2016,206061138.0,326.0
534,2016,206061515.0,885.0
535,2016,206071139.0,655.0
536,2016,206071140.0,198.0
537,2016,206071141.0,1509.0
538,2016,206071142.0,1458.0
539,2016,206071143.0,397.0
540,2016,206071518.0,2065.0
541,2016,207011147.0,339.0
542,2016,207011148.0,295.0
543,2016,207011149.0,330.0
544,2016,207011152.0,363.0
545,2016,207011154.0,90.0
546,2016,207011155.0,82.0
547,2016,207011519.0,492.0
548,2016,207011522.0,273.0
549,2016,207021156.0,161.0
550,2016,207021157.0,440.0
551,2016,207021159.0,153.0
552,2016,207021160.0,194.0
553,2016,207021425.0,383.0
554,2016,207031161.0,504.0
555,2016,207031163.0,876.0
556,2016,207031164.0,191.0
557,2016,207031165.0,301.0
558,2016,207031166.0,224.0
559,2016,207031167.0,262.0
560,2016,208011168.0,177.0
561,2016,208011169.0,563.0
562,2016,208011170.0,187.0
563,2016,208011171.0,557.0
564,2016,208011172.0,645.0
565,2016,208011173.0,289.0
566,2016,208021176.0,703.0
567,2016,208021177.0,215.0
568,2016,208021178.0,417.0
569,2016,208021179.0,536.0
570,2016,208021182.0,712.0
571,2016,208021426.0,480.0
572,2016,208031185.0,551.0
573,2016,208031186.0,817.0
574,2016,208031188.0,578.0
575,2016,208031190.0,758.0
576,2016,208031191.0,279.0
577,2016,208031193.0,1136.0
578,2016,208041194.0,338.5
579,2016,208041195.0,721.0
580,2016,209011197.0,593.0
581,2016,209011199.0,920.0
582,2016,209011200.0,293.0
583,2016,209011201.0,1022.0
584,2016,209011202.0,115.0
585,2016,209011204.0,490.0
586,2016,209021205.0,303.0
587,2016,209021428.0,1492.0
588,2016,209021524.0,1871.0
589,2016,209031209.0,523.0
590,2016,209031210.0,109.0
591,2016,209031214.0,104.0
592,2016,209031215.0,233.0
593,2016,209041216.0,1016.0
594,2016,209041221.0,789.0
595,2016,209041223.0,676.0
596,2016,209041431.0,1150.0
597,2016,209041436.0,344.0
598,2016,209041530.0,539.0
599,2016,210011226.0,561.0
600,2016,210011228.0,130.0
601,2016,210011533.0,318.0
602,2016,210031236.0,1297.0
603,2016,210031237.0,434.0
604,2016,210031535.0,1446.0
605,2016,210051242.0,2049.0
606,2016,210051243.0,576.0
607,2016,210051245.0,201.0
608,2016,210051247.0,1052.0
609,2016,210051250.0,600.0
610,2016,210051544.0,2604.0
611,2016,211011251.0,1049.0
612,2016,211011254.0,250.5
613,2016,211011256.0,864.0
614,2016,211011260.0,1024.0
615,2016,211011446.0,1284.0
616,2016,211011447.0,903.0
617,2016,211011449.0,110.0
618,2016,211021261.0,118.0
619,2016,211031266.0,1468.0
620,2016,211031267.0,578.0
621,2016,211031450.0,1481.0
622,2016,211041269.0,624.0
623,2016,211041270.0,278.0
624,2016,211041272.0,352.0
625,2016,211051277.0,523.0
626,2016,211051278.0,770.0
627,2016,211051280.0,226.0
628,2016,211051281.0,608.0
629,2016,211051283.0,263.0
630,2016,211051284.0,99.0
631,2016,212021293.0,954.0
632,2016,212021295.0,1310.0
633,2016,212021297.0,483.0
634,2016,212021299.0,262.0
635,2016,212021454.0,1052.0
636,2016,212021456.0,2065.0
637,2016,212031300.0,3113.0
638,2016,212031306.0,507.0
639,2016,212031562.0,688.0
640,2016,212041309.0,322.0
641,2016,212041310.0,444.0
642,2016,212041317.0,863.0
643,2016,212041318.0,687.0
644,2016,212041460.0,1429.0
645,2016,212041563.0,4525.0
646,2016,212041565.0,643.0
647,2016,212051319.0,424.5
648,2016,212051322.0,689.0
649,2016,212051324.0,419.0
650,2016,212051325.0,373.0
651,2016,212051326.0,908.0
652,2016,212051567.0,695.0
653,2016,213011328.0,1546.0
654,2016,213011331.0,1047.0
655,2016,213011332.0,700.0
656,2016,213011334.0,2229.0
657,2016,213011569.0,1990.0
658,2016,213011570.0,451.0
659,2016,213021341.0,465.0
660,2016,213021343.0,555.0
661,2016,213021344.0,448.0
662,2016,213021346.0,631.0
663,2016,213031347.0,1073.0
664,2016,213031348.0,1606.0
665,2016,213031349.0,1126.0
666,2016,213031351.0,1147.0
667,2016,213031352.0,356.0
668,2016,213051361.0,2041.0
669,2016,213051363.0,456.5
670,2016,213051368.0,2043.0
671,2016,214011370.0,1266.0
672,2016,214011371.0,3081.0
673,2016,214011372.0,462.0
674,2016,214011374.0,580.0
675,2016,214011375.0,1039.0
676,2017,206011106.0,186.0
677,2017,206011107.0,574.0
678,2017,206011109.0,584.0
679,2017,206011495.0,1002.0
680,2017,206021110.0,446.0
681,2017,206021112.0,587.0
682,2017,206021500.0,543.0
683,2017,206031115.0,1225.0
684,2017,206031116.0,569.0
685,2017,206031501.0,430.0
686,2017,206031502.0,631.0
687,2017,206041117.0,607.0
688,2017,206041118.0,1212.0
689,2017,206041119.0,450.0
690,2017,206041504.0,1554.0
691,2017,206041506.0,912.0
692,2017,206041509.0,935.0
693,2017,206041510.0,531.0
694,2017,206051128.0,420.0
695,2017,206051129.0,270.0
696,2017,206051130.0,663.0
697,2017,206051134.0,655.0
698,2017,206051511.0,1178.0
699,2017,206051514.0,2145.0
700,2017,206061135.0,296.0
701,2017,206061136.0,1544.0
702,2017,206061138.0,421.0
703,2017,206061515.0,885.0
704,2017,206071139.0,434.0
705,2017,206071140.0,297.0
706,2017,206071141.0,1073.0
707,2017,206071142.0,1402.0
708,2017,206071143.0,669.0
709,2017,206071518.0,1708.0
710,2017,207011147.0,277.0
711,2017,207011148.0,183.0
712,2017,207011149.0,496.0
713,2017,207011152.0,199.0
714,2017,207011154.0,111.0
715,2017,207011155.0,75.0
716,2017,207011519.0,526.0
717,2017,207011522.0,467.0
718,2017,207021156.0,195.0
719,2017,207021157.0,336.0
720,2017,207021159.0,200.0
721,2017,207021160.0,240.0
722,2017,207021425.0,778.0
723,2017,207031161.0,632.0
724,2017,207031163.0,790.0
725,2017,207031164.0,264.0
726,2017,207031165.0,310.0
727,2017,207031166.0,347.0
728,2017,207031167.0,302.0
729,2017,208011168.0,349.0
730,2017,208011169.0,492.0
731,2017,208011170.0,273.0
732,2017,208011171.0,382.0
733,2017,208011172.0,651.0
734,2017,208011173.0,254.0
735,2017,208021176.0,754.0
736,2017,208021177.0,251.0
737,2017,208021178.0,478.0
738,2017,208021179.0,557.0
739,2017,208021182.0,709.0
740,2017,208021426.0,646.0
741,2017,208031185.0,604.0
742,2017,208031186.0,811.0
743,2017,208031188.0,600.0
744,2017,208031190.0,593.0
745,2017,208031191.0,299.0
746,2017,208031193.0,1166.0
747,2017,208041194.0,361.0
748,2017,208041195.0,736.0
749,2017,209011197.0,707.0
750,2017,209011199.0,1113.0
751,2017,209011200.0,442.0
752,2017,209011201.0,714.0
753,2017,209011202.0,113.0
754,2017,209011204.0,432.0
755,2017,209021205.0,240.0
756,2017,209021428.0,1468.0
757,2017,209021524.0,1690.0
758,2017,209031209.0,497.0
759,2017,209031210.0,136.0
760,2017,209031214.0,137.0
761,2017,209031215.0,287.0
762,2017,209041216.0,1137.0
763,2017,209041221.0,549.0
764,2017,209041223.0,591.0
765,2017,209041431.0,1033.0
766,2017,209041436.0,425.0
767,2017,209041530.0,528.0
768,2017,210011226.0,745.0
769,2017,210011228.0,148.0
770,2017,210011533.0,293.0
771,2017,210031236.0,1127.0
772,2017,210031237.0,423.0
773,2017,210031535.0,1415.0
774,2017,210051242.0,2087.0
775,2017,210051243.0,355.0
776,2017,210051245.0,269.0
777,2017,210051247.0,1241.0
778,2017,210051250.0,632.0
779,2017,210051544.0,2333.0
780,2017,211011251.0,925.0
781,2017,211011254.0,200.0
782,2017,211011256.0,648.0
783,2017,211011260.0,990.0
784,2017,211011446.0,1066.0
785,2017,211011447.0,1056.0
786,2017,211011449.0,194.0
787,2017,211021261.0,115.0
788,2017,211031266.0,1199.0
789,2017,211031267.0,441.0
790,2017,211031450.0,1592.0
791,2017,211041269.0,752.0
792,2017,211041270.0,426.0
793,2017,211041272.0,416.0
794,2017,211051277.0,464.0
795,2017,211051278.0,804.0
796,2017,211051280.0,184.0
797,2017,211051281.0,678.0
798,2017,211051283.0,260.0
799,2017,211051284.0,124.0
800,2017,212021293.0,916.0
801,2017,212021295.0,1163.0
802,2017,212021297.0,832.0
803,2017,212021299.0,221.0
804,2017,212021454.0,628.0
805,2017,212021456.0,1634.0
806,2017,212031300.0,3386.0
807,2017,212031306.0,622.0
808,2017,212031562.0,868.0
809,2017,212041309.0,388.0
810,2017,212041310.0,781.0
811,2017,212041317.0,1069.0
812,2017,212041318.0,794.0
813,2017,212041460.0,1290.0
814,2017,212041563.0,4791.0
815,2017,212041565.0,379.0
816,2017,212051319.0,440.5
817,2017,212051322.0,806.0
818,2017,212051324.0,580.0
819,2017,212051325.0,525.0
820,2017,212051326.0,935.0
821,2017,212051567.0,975.0
822,2017,213011328.0,1520.0
823,2017,213011331.0,939.0
824,2017,213011332.0,728.0
825,2017,213011334.0,2679.0
826,2017,213011569.0,2214.0
827,2017,213011570.0,518.0
828,2017,213021341.0,408.0
829,2017,213021343.0,447.0
830,2017,213021344.0,455.0
831,2017,213021346.0,607.0
832,2017,213031347.0,505.0
833,2017,213031348.0,1760.0
834,2017,213031349.0,1129.0
835,2017,213031351.0,853.0
836,2017,213031352.0,373.0
837,2017,213051361.0,2269.0
838,2017,213051363.0,431.0
839,2017,213051368.0,2235.0
840,2017,214011370.0,872.0
841,2017,214011371.0,3501.0
842,2017,214011372.0,575.0
843,2017,214011374.0,590.0
844,2017,214011375.0,1046.0
845,2018,206011106.0,232.0
846,2018,206011107.0,539.0
847,2018,206011109.0,557.0
848,2018,206011495.0,1146.0
849,2018,206021110.0,395.0
850,2018,206021112.0,500.0
851,2018,206021500.0,513.0
852,2018,206031115.0,1181.0
853,2018,206031116.0,671.0
854,2018,206031501.0,402.0
855,2018,206031502.0,543.0
856,2018,206041117.0,1061.0
857,2018,206041118.0,1371.0
858,2018,206041119.0,452.0
859,2018,206041504.0,1506.0
860,2018,206041506.0,1179.0
861,2018,206041509.0,1039.0
862,2018,206041510.0,591.0
863,2018,206051128.0,315.0
864,2018,206051129.0,352.0
865,2018,206051130.0,676.0
866,2018,206051134.0,698.0
867,2018,206051511.0,1290.0
868,2018,206051514.0,1963.5
869,2018,206061135.0,409.0
870,2018,206061136.0,1559.0
871,2018,206061138.0,272.0
872,2018,206061515.0,979.0
873,2018,206071139.0,381.0
874,2018,206071140.0,236.0
875,2018,206071141.0,1062.0
876,2018,206071142.0,1402.0
877,2018,206071143.0,606.0
878,2018,206071518.0,2312.0
879,2018,207011147.0,371.0
880,2018,207011148.0,206.0
881,2018,207011149.0,761.0
882,2018,207011152.0,186.0
883,2018,207011154.0,101.0
884,2018,207011155.0,95.0
885,2018,207011519.0,575.0
886,2018,207011522.0,474.0
887,2018,207021156.0,256.0
888,2018,207021157.0,473.0
889,2018,207021159.0,288.0
890,2018,207021160.0,180.0
891,2018,207021425.0,545.0
892,2018,207031161.0,649.0
893,2018,207031163.0,781.0
894,2018,207031164.0,201.0
895,2018,207031165.0,304.0
896,2018,207031166.0,356.0
897,2018,207031167.0,284.0
898,2018,208011168.0,267.0
899,2018,208011169.0,541.0
900,2018,208011170.0,196.0
901,2018,208011171.0,649.0
902,2018,208011172.0,661.0
903,2018,208011173.0,493.0
904,2018,208021176.0,755.0
905,2018,208021177.0,227.0
906,2018,208021178.0,489.0
907,2018,208021179.0,486.0
908,2018,208021182.0,742.0
909,2018,208021426.0,436.0
910,2018,208031185.0,515.0
911,2018,208031186.0,679.0
912,2018,208031188.0,627.0
913,2018,208031190.0,518.0
914,2018,208031191.0,335.0
915,2018,208031193.0,1241.0
916,2018,208041194.0,292.0
917,2018,208041195.0,720.0
918,2018,209011197.0,512.0
919,2018,209011199.0,1077.0
920,2018,209011200.0,353.0
921,2018,209011201.0,625.0
922,2018,209011202.0,110.0
923,2018,209011204.0,315.0
924,2018,209021205.0,275.0
925,2018,209021428.0,1611.0
926,2018,209021524.0,1467.0
927,2018,209031209.0,478.0
928,2018,209031210.0,124.0
929,2018,209031214.0,131.0
930,2018,209031215.0,258.0
931,2018,209041216.0,1000.0
932,2018,209041221.0,788.0
933,2018,209041223.0,922.0
934,2018,209041431.0,1442.0
935,2018,209041436.0,636.0
936,2018,209041530.0,657.0
937,2018,210011226.0,636.0
938,2018,210011228.0,195.0
939,2018,210011533.0,302.5
940,2018,210031236.0,1391.0
941,2018,210031237.0,302.0
942,2018,210031535.0,1331.0
943,2018,210051242.0,2001.0
944,2018,210051243.0,426.0
945,2018,210051245.0,270.0
946,2018,210051247.0,712.0
947,2018,210051250.0,714.0
948,2018,210051544.0,2171.0
949,2018,211011251.0,906.0
950,2018,211011254.0,343.0
951,2018,211011256.0,629.0
952,2018,211011260.0,852.0
953,2018,211011446.0,1176.0
954,2018,211011447.0,984.0
955,2018,211011449.0,155.0
956,2018,211021261.0,137.0
957,2018,211031266.0,1408.0
958,2018,211031267.0,468.0
959,2018,211031450.0,1574.0
960,2018,211041269.0,688.0
961,2018,211041270.0,566.0
962,2018,211041272.0,490.0
963,2018,211051277.0,360.0
964,2018,211051278.0,505.0
965,2018,211051280.0,176.0
966,2018,211051281.0,428.0
967,2018,211051283.0,111.0
968,2018,211051284.0,124.0
969,2018,212021293.0,855.0
970,2018,212021295.0,724.0
971,2018,212021297.0,592.0
972,2018,212021299.0,140.0
973,2018,212021454.0,572.0
974,2018,212021456.0,1767.0
975,2018,212031300.0,3188.0
976,2018,212031306.0,344.0
977,2018,212031562.0,695.0
978,2018,212041309.0,356.0
979,2018,212041310.0,522.0
980,2018,212041317.0,1325.0
981,2018,212041318.0,484.0
982,2018,212041460.0,1419.0
983,2018,212041563.0,4619.0
984,2018,212041565.0,1172.0
985,2018,212051319.0,448.0
986,2018,212051322.0,806.0
987,2018,212051324.0,375.0
988,2018,212051325.0,471.0
989,2018,212051326.0,975.0
990,2018,212051567.0,895.0
991,2018,213011328.0,1479.5
992,2018,213011331.0,928.0
993,2018,213011332.0,761.0
994,2018,213011334.0,2056.0
995,2018,213011569.0,1834.0
996,2018,213011570.0,563.0
997,2018,213021341.0,441.0
998,2018,213021343.0,517.0
999,2018,213021344.0,533.0
1000,2018,213021346.0,604.0
1001,2018,213031347.0,491.0
1002,2018,213031348.0,1978.0
1003,2018,213031349.0,897.0
1004,2018,213031351.0,958.0
1005,2018,213031352.0,255.0
1006,2018,213051361.0,2443.0
1007,2018,213051363.0,472.5
1008,2018,213051368.0,2299.0
1009,2018,214011370.0,1105.0
1010,2018,214011371.0,3578.0
1011,2018,214011372.0,515.0
1012,2018,214011374.0,660.0
1013,2018,214011375.0,1025.0
1014,2019,206011106.0,197.0
1015,2019,206011107.0,577.5
1016,2019,206011109.0,540.0
1017,2019,206011495.0,1286.0
1018,2019,206021110.0,431.0
1019,2019,206021112.0,458.0
1020,2019,206021500.0,619.0
1021,2019,206031115.0,1211.0
1022,2019,206031116.0,595.0
1023,2019,206031501.0,406.0
1024,2019,206031502.0,625.0
1025,2019,206041117.0,623.0
1026,2019,206041118.0,1368.0
1027,2019,206041119.0,437.0
1028,2019,206041504.0,1548.0
1029,2019,206041506.0,975.0
1030,2019,206041509.0,1291.0
1031,2019,206041510.0,559.0
1032,2019,206051128.0,373.0
1033,2019,206051129.0,295.0
1034,2019,206051130.0,664.0
1035,2019,206051134.0,590.0
1036,2019,206051511.0,918.0
1037,2019,206051514.0,2262.0
1038,2019,206061135.0,303.0
1039,2019,206061136.0,1345.0
1040,2019,206061138.0,389.0
1041,2019,206061515.0,768.0
1042,2019,206071139.0,762.0
1043,2019,206071140.0,194.0
1044,2019,206071141.0,1113.0
1045,2019,206071142.0,1247.0
1046,2019,206071143.0,391.0
1047,2019,206071518.0,2390.0
1048,2019,207011147.0,227.0
1049,2019,207011148.0,301.0
1050,2019,207011149.0,278.0
1051,2019,207011152.0,212.0
1052,2019,207011154.0,147.0
1053,2019,207011155.0,140.0
1054,2019,207011519.0,413.0
1055,2019,207011522.0,328.0
1056,2019,207021156.0,238.0
1057,2019,207021157.0,424.0
1058,2019,207021159.0,182.0
1059,2019,207021160.0,205.0
1060,2019,207021425.0,447.0
1061,2019,207031161.0,688.0
1062,2019,207031163.0,882.0
1063,2019,207031164.0,243.0
1064,2019,207031165.0,318.0
1065,2019,207031166.0,286.0
1066,2019,207031167.0,293.0
1067,2019,208011168.0,288.0
1068,2019,208011169.0,535.0
1069,2019,208011170.0,272.0
1070,2019,208011171.0,518.0
1071,2019,208011172.0,656.0
1072,2019,208011173.0,393.0
1073,2019,208021176.0,531.0
1074,2019,208021177.0,278.0
1075,2019,208021178.0,377.0
1076,2019,208021179.0,311.0
1077,2019,208021182.0,673.0
1078,2019,208021426.0,459.0
1079,2019,208031185.0,666.0
1080,2019,208031186.0,1053.0
1081,2019,208031188.0,606.0
1082,2019,208031190.0,555.0
1083,2019,208031191.0,260.5
1084,2019,208031193.0,1213.0
1085,2019,208041194.0,260.5
1086,2019,208041195.0,835.0
1087,2019,209011197.0,598.0
1088,2019,209011199.0,903.0
1089,2019,209011200.0,583.0
1090,2019,209011201.0,847.0
1091,2019,209011202.0,86.0
1092,2019,209011204.0,387.0
1093,2019,209021205.0,216.0
1094,2019,209021428.0,1380.0
1095,2019,209021524.0,1377.0
1096,2019,209031209.0,514.0
1097,2019,209031210.0,125.0
1098,2019,209031214.0,126.0
1099,2019,209031215.0,344.0
1100,2019,209041216.0,1049.0
1101,2019,209041221.0,816.0
1102,2019,209041223.0,807.0
1103,2019,209041431.0,1516.0
1104,2019,209041436.0,445.0
1105,2019,209041530.0,637.0
1106,2019,210011226.0,578.0
1107,2019,210011228.0,148.0
1108,2019,210011533.0,202.5
1109,2019,210031236.0,1690.0
1110,2019,210031237.0,439.0
1111,2019,210031535.0,1386.0
1112,2019,210051242.0,2161.0
1113,2019,210051243.0,496.0
1114,2019,210051245.0,335.0
1115,2019,210051247.0,1004.0
1116,2019,210051250.0,488.0
1117,2019,210051544.0,2016.0
1118,2019,211011251.0,1088.0
1119,2019,211011254.0,310.5
1120,2019,211011256.0,1103.0
1121,2019,211011260.0,989.0
1122,2019,211011446.0,1445.0
1123,2019,211011447.0,1121.0
1124,2019,211011449.0,157.0
1125,2019,211021261.0,109.0
1126,2019,211031266.0,1348.0
1127,2019,211031267.0,527.0
1128,2019,211031450.0,1370.0
1129,2019,211041269.0,644.0
1130,2019,211041270.0,362.0
1131,2019,211041272.0,391.0
1132,2019,211051277.0,331.0
1133,2019,211051278.0,765.0
1134,2019,211051280.0,247.0
1135,2019,211051281.0,373.0
1136,2019,211051283.0,348.0
1137,2019,211051284.0,171.0
1138,2019,212021293.0,939.0
1139,2019,212021295.0,1025.0
1140,2019,212021297.0,705.0
1141,2019,212021299.0,146.0
1142,2019,212021454.0,624.0
1143,2019,212021456.0,1796.0
1144,2019,212031300.0,3749.0
1145,2019,212031306.0,448.0
1146,2019,212031562.0,884.0
1147,2019,212041309.0,340.0
1148,2019,212041310.0,699.0
1149,2019,212041317.0,1127.0
1150,2019,212041318.0,723.0
1151,2019,212041460.0,1017.0
1152,2019,212041563.0,4390.0
1153,2019,212041565.0,755.0
1154,2019,212051319.0,476.5
1155,2019,212051322.0,1002.0
1156,2019,212051324.0,463.0
1157,2019,212051325.0,689.0
1158,2019,212051326.0,909.0
1159,2019,212051567.0,1109.0
1160,2019,213011328.0,1237.0
1161,2019,213011331.0,932.0
1162,2019,213011332.0,947.0
1163,2019,213011334.0,2220.0
1164,2019,213011569.0,1925.0
1165,2019,213011570.0,362.0
1166,2019,213021341.0,516.0
1167,2019,213021343.0,544.0
1168,2019,213021344.0,507.0
1169,2019,213021346.0,644.0
1170,2019,213031347.0,524.0
1171,2019,213031348.0,1782.0
1172,2019,213031349.0,1170.0
1173,2019,213031351.0,943.0
1174,2019,213031352.0,241.0
1175,2019,213051361.0,2341.0
1176,2019,213051363.0,527.0
1177,2019,213051368.0,2664.0
1178,2019,214011370.0,1108.0
1179,2019,214011371.0,3518.0
1180,2019,214011372.0,610.0
1181,2019,214011374.0,311.0
1182,2019,214011375.0,946.0
1183,2020,206011106.0,275.0
1184,2020,206011107.0,511.5
1185,2020,206011109.0,640.0
1186,2020,206011495.0,759.0
1187,2020,206021110.0,465.0
1188,2020,206021112.0,423.0
1189,2020,206021500.0,646.0
1190,2020,206031115.0,833.0
1191,2020,206031116.0,933.0
1192,2020,206031501.0,521.0
1193,2020,206031502.0,704.0
1194,2020,206041117.0,733.0
1195,2020,206041118.0,1058.0
1196,2020,206041119.0,622.0
1197,2020,206041504.0,1535.0
1198,2020,206041506.0,887.0
1199,2020,206041509.0,1142.0
1200,2020,206041510.0,709.0
1201,2020,206051128.0,338.0
1202,2020,206051129.0,357.0
1203,2020,206051130.0,690.0
1204,2020,206051134.0,635.0
1205,2020,206051511.0,1032.0
1206,2020,206051514.0,2280.5
1207,2020,206061135.0,311.0
1208,2020,206061136.0,1500.0
1209,2020,206061138.0,470.0
1210,2020,206061515.0,847.0
1211,2020,206071139.0,906.0
1212,2020,206071140.0,245.0
1213,2020,206071141.0,1291.0
1214,2020,206071142.0,1359.0
1215,2020,206071143.0,474.0
1216,2020,206071518.0,2457.0
1217,2020,207011147.0,251.0
1218,2020,207011148.0,132.0
1219,2020,207011149.0,399.0
1220,2020,207011152.0,181.0
1221,2020,207011154.0,160.0
1222,2020,207011155.0,98.0
1223,2020,207011519.0,503.0
1224,2020,207011522.0,623.0
1225,2020,207021156.0,248.0
1226,2020,207021157.0,525.0
1227,2020,207021159.0,196.0
1228,2020,207021160.0,268.0
1229,2020,207021425.0,457.0
1230,2020,207031161.0,584.0
1231,2020,207031163.0,988.0
1232,2020,207031164.0,171.0
1233,2020,207031165.0,315.0
1234,2020,207031166.0,541.0
1235,2020,207031167.0,350.0
1236,2020,208011168.0,321.0
1237,2020,208011169.0,362.0
1238,2020,208011170.0,262.0
1239,2020,208011171.0,407.0
1240,2020,208011172.0,613.0
1241,2020,208011173.0,339.0
1242,2020,208021176.0,943.0
1243,2020,208021177.0,278.0
1244,2020,208021178.0,546.0
1245,2020,208021179.0,482.0
1246,2020,208021182.0,872.0
1247,2020,208021426.0,419.0
1248,2020,208031185.0,591.0
1249,2020,208031186.0,947.0
1250,2020,208031188.0,535.0
1251,2020,208031190.0,461.0
1252,2020,208031191.0,381.5
1253,2020,208031193.0,1267.0
1254,2020,208041194.0,453.5
1255,2020,208041195.0,796.0
1256,2020,209011197.0,581.0
1257,2020,209011199.0,947.0
1258,2020,209011200.0,594.0
1259,2020,209011201.0,931.0
1260,2020,209011202.0,126.0
1261,2020,209011204.0,187.0
1262,2020,209021205.0,300.0
1263,2020,209021428.0,1542.0
1264,2020,209021524.0,1513.0
1265,2020,209031209.0,501.0
1266,2020,209031210.0,136.0
1267,2020,209031214.0,137.0
1268,2020,209031215.0,273.0
1269,2020,209041216.0,1038.0
1270,2020,209041221.0,624.0
1271,2020,209041223.0,1008.0
1272,2020,209041431.0,1133.0
1273,2020,209041436.0,460.0
1274,2020,209041530.0,806.0
1275,2020,210011226.0,847.0
1276,2020,210011228.0,203.0
1277,2020,210011533.0,268.0
1278,2020,210031236.0,1100.0
1279,2020,210031237.0,439.0
1280,2020,210031535.0,1093.0
1281,2020,210051242.0,1924.0
1282,2020,210051243.0,351.0
1283,2020,210051245.0,232.0
1284,2020,210051247.0,833.0
1285,2020,210051250.0,823.0
1286,2020,210051544.0,2374.0
1287,2020,211011251.0,1193.0
1288,2020,211011254.0,278.5
1289,2020,211011256.0,473.0
1290,2020,211011260.0,1067.0
1291,2020,211011446.0,935.0
1292,2020,211011447.0,1245.0
1293,2020,211011449.0,168.0
1294,2020,211021261.0,123.5
1295,2020,211031266.0,1454.0
1296,2020,211031267.0,619.0
1297,2020,211031450.0,1047.0
1298,2020,211041269.0,463.0
1299,2020,211041270.0,311.0
1300,2020,211041272.0,382.0
1301,2020,211051277.0,229.0
1302,2020,211051278.0,677.0
1303,2020,211051280.0,215.0
1304,2020,211051281.0,539.0
1305,2020,211051283.0,132.0
1306,2020,211051284.0,152.0
1307,2020,212021293.0,700.0
1308,2020,212021295.0,820.0
1309,2020,212021297.0,628.0
1310,2020,212021299.0,164.0
1311,2020,212021454.0,544.0
1312,2020,212021456.0,1818.0
1313,2020,212031300.0,3681.0
1314,2020,212031306.0,406.0
1315,2020,212031562.0,779.0
1316,2020,212041309.0,236.0
1317,2020,212041310.0,511.0
1318,2020,212041317.0,1043.0
1319,2020,212041318.0,665.0
1320,2020,212041460.0,1204.0
1321,2020,212041563.0,3186.0
1322,2020,212041565.0,650.0
1323,2020,212051319.0,556.0
1324,2020,212051322.0,1074.0
1325,2020,212051324.0,401.0
1326,2020,212051325.0,404.0
1327,2020,212051326.0,991.0
1328,2020,212051567.0,1244.0
1329,2020,213011328.0,1901.5
1330,2020,213011331.0,985.0
1331,2020,213011332.0,863.0
1332,2020,213011334.0,2516.0
1333,2020,213011569.0,2412.0
1334,2020,213011570.0,567.0
1335,2020,213021341.0,379.0
1336,2020,213021343.0,396.0
1337,2020,213021344.0,403.0
1338,2020,213021346.0,538.0
1339,2020,213031347.0,837.0
1340,2020,213031348.0,1409.0
1341,2020,213031349.0,1520.0
1342,2020,213031351.0,917.0
1343,2020,213031352.0,410.0
1344,2020,213051361.0,2479.0
1345,2020,213051363.0,516.5
1346,2020,213051368.0,3146.0
1347,2020,214011370.0,1071.0
1348,2020,214011371.0,2908.0
1349,2020,214011372.0,535.0
1350,2020,214011374.0,422.0
1351,2020,214011375.0,1106.0
1352,2021,206011106.0,279.0
1353,2021,206011107.0,509.5
1354,2021,206011109.0,677.0
1355,2021,206011495.0,1046.0
1356,2021,206021110.0,435.0
1357,2021,206021112.0,466.0
1358,2021,206021500.0,754.0
1359,2021,206031115.0,626.0
1360,2021,206031116.0,623.0
1361,2021,206031501.0,497.0
1362,2021,206031502.0,721.0
1363,2021,206041117.0,926.0
1364,2021,206041118.0,1564.0
1365,2021,206041119.0,602.0
1366,2021,206041504.0,1073.0
1367,2021,206041506.0,1057.0
1368,2021,206041509.0,1391.0
1369,2021,206041510.0,428.0
1370,2021,206051128.0,422.0
1371,2021,206051129.0,553.0
1372,2021,206051130.0,839.0
1373,2021,206051134.0,885.0
1374,2021,206051511.0,1624.0
1375,2021,206051514.0,1914.0
1376,2021,206061135.0,291.0
1377,2021,206061136.0,1736.0
1378,2021,206061138.0,368.0
1379,2021,206061515.0,949.0
1380,2021,206071139.0,554.0
1381,2021,206071140.0,268.0
1382,2021,206071141.0,1555.0
1383,2021,206071142.0,868.0
1384,2021,206071143.0,502.0
1385,2021,206071518.0,2339.0
1386,2021,207011147.0,430.0
1387,2021,207011148.0,174.0
1388,2021,207011149.0,406.0
1389,2021,207011152.0,371.0
1390,2021,207011154.0,117.0
1391,2021,207011155.0,94.0
1392,2021,207011519.0,413.0
1393,2021,207011522.0,1093.0
1394,2021,207021156.0,214.0
1395,2021,207021157.0,534.0
1396,2021,207021159.0,380.0
1397,2021,207021160.0,255.0
1398,2021,207021425.0,288.0
1399,2021,207031161.0,1032.0
1400,2021,207031163.0,1176.0
1401,2021,207031164.0,320.0
1402,2021,207031165.0,400.0
1403,2021,207031166.0,316.0
1404,2021,207031167.0,396.0
1405,2021,208011168.0,275.0
1406,2021,208011169.0,757.0
1407,2021,208011170.0,267.0
1408,2021,208011171.0,383.0
1409,2021,208011172.0,810.0
1410,2021,208011173.0,346.0
1411,2021,208021176.0,1150.0
1412,2021,208021177.0,269.0
1413,2021,208021178.0,527.0
1414,2021,208021179.0,650.0
1415,2021,208021182.0,929.0
1416,2021,208021426.0,380.0
1417,2021,208031185.0,464.0
1418,2021,208031186.0,932.0
1419,2021,208031188.0,708.0
1420,2021,208031190.0,613.0
1421,2021,208031191.0,319.0
1422,2021,208031193.0,1296.0
1423,2021,208041194.0,418.5
1424,2021,208041195.0,1074.0
1425,2021,209011197.0,477.0
1426,2021,209011199.0,1011.0
1427,2021,209011200.0,394.0
1428,2021,209011201.0,1293.0
1429,2021,209011202.0,114.0
1430,2021,209011204.0,361.0
1431,2021,209021205.0,261.0
1432,2021,209021428.0,1694.0
1433,2021,209021524.0,1787.0
1434,2021,209031209.0,483.0
1435,2021,209031210.0,132.0
1436,2021,209031214.0,93.0
1437,2021,209031215.0,257.0
1438,2021,209041216.0,1292.0
1439,2021,209041221.0,694.0
1440,2021,209041223.0,1089.0
1441,2021,209041431.0,1355.0
1442,2021,209041436.0,416.0
1443,2021,209041530.0,711.0
1444,2021,210011226.0,519.0
1445,2021,210011228.0,227.0
1446,2021,210011533.0,248.0
1447,2021,210031236.0,1134.0
1448,2021,210031237.0,307.0
1449,2021,210031535.0,1373.0
1450,2021,210051242.0,2345.0
1451,2021,210051243.0,424.0
1452,2021,210051245.0,448.0
1453,2021,210051247.0,1279.0
1454,2021,210051250.0,866.0
1455,2021,210051544.0,2856.0
1456,2021,211011251.0,1133.0
1457,2021,211011254.0,320.0
1458,2021,211011256.0,772.0
1459,2021,211011260.0,1247.0
1460,2021,211011446.0,1330.0
1461,2021,211011447.0,1664.0
1462,2021,211011449.0,299.0
1463,2021,211021261.0,92.0
1464,2021,211031266.0,1323.0
1465,2021,211031267.0,661.0
1466,2021,211031450.0,1515.0
1467,2021,211041269.0,621.0
1468,2021,211041270.0,400.0
1469,2021,211041272.0,468.0
1470,2021,211051277.0,391.0
1471,2021,211051278.0,940.0
1472,2021,211051280.0,214.0
1473,2021,211051281.0,462.0
1474,2021,211051283.0,264.0
1475,2021,211051284.0,125.0
1476,2021,212021293.0,1105.0
1477,2021,212021295.0,718.0
1478,2021,212021297.0,638.0
1479,2021,212021299.0,212.0
1480,2021,212021454.0,712.0
1481,2021,212021456.0,1446.0
1482,2021,212031300.0,4035.0
1483,2021,212031306.0,559.0
1484,2021,212031562.0,688.0
1485,2021,212041309.0,428.0
1486,2021,212041310.0,507.0
1487,2021,212041317.0,1100.0
1488,2021,212041318.0,607.0
1489,2021,212041460.0,1214.0
1490,2021,212041563.0,4463.0
1491,2021,212041565.0,933.0
1492,2021,212051319.0,641.5
1493,2021,212051322.0,1266.0
1494,2021,212051324.0,528.0
1495,2021,212051325.0,925.0
1496,2021,212051326.0,892.0
1497,2021,212051567.0,1330.0
1498,2021,213011328.0,1472.5
1499,2021,213011331.0,1152.0
1500,2021,213011332.0,635.0
1501,2021,213011334.0,2565.0
1502,2021,213011569.0,2209.0
1503,2021,213011570.0,315.0
1504,2021,213021341.0,403.0
1505,2021,213021343.0,557.0
1506,2021,213021344.0,453.0
1507,2021,213021346.0,614.0
1508,2021,213031347.0,792.0
1509,2021,213031348.0,1401.0
1510,2021,213031349.0,1248.0
1511,2021,213031351.0,1163.0
1512,2021,213031352.0,421.0
1513,2021,213051361.0,3150.0
1514,2021,213051363.0,653.0
1515,2021,213051368.0,3243.0
1516,2021,214011370.0,921.0
1517,2021,214011371.0,3338.0
1518,2021,214011372.0,548.0
1519,2021,214011374.0,412.0
1520,2021,214011375.0,1018.0
1521,2022,206011106.0,271.0
1522,2022,206011107.0,642.5
1523,2022,206011109.0,504.0
1524,2022,206011495.0,827.0
1525,2022,206021110.0,454.0
1526,2022,206021112.0,391.0
1527,2022,206021500.0,501.0
1528,2022,206031115.0,693.0
1529,2022,206031116.0,547.0
1530,2022,206031501.0,472.0
1531,2022,206031502.0,673.0
1532,2022,206041117.0,963.0
1533,2022,206041118.0,1671.0
1534,2022,206041119.0,488.0
1535,2022,206041504.0,1169.0
1536,2022,206041506.0,1144.0
1537,2022,206041509.0,1349.0
1538,2022,206041510.0,783.0
1539,2022,206051128.0,312.0
1540,2022,206051129.0,438.0
1541,2022,206051130.0,565.0
1542,2022,206051134.0,720.0
1543,2022,206051511.0,801.0
1544,2022,206051514.0,2081.0
1545,2022,206061135.0,417.0
1546,2022,206061136.0,1512.0
1547,2022,206061138.0,340.0
1548,2022,206061515.0,997.0
1549,2022,206071139.0,814.0
1550,2022,206071140.0,301.0
1551,2022,206071141.0,1062.0
1552,2022,206071142.0,1134.0
1553,2022,206071143.0,510.0
1554,2022,206071518.0,1923.0
1555,2022,207011147.0,330.0
1556,2022,207011148.0,249.0
1557,2022,207011149.0,417.0
1558,2022,207011152.0,343.0
1559,2022,207011154.0,131.0
1560,2022,207011155.0,68.0
1561,2022,207011519.0,525.0
1562,2022,207011522.0,472.0
1563,2022,207021156.0,304.0
1564,2022,207021157.0,512.0
1565,2022,207021159.0,235.0
1566,2022,207021160.0,293.0
1567,2022,207021425.0,278.0
1568,2022,207031161.0,713.0
1569,2022,207031163.0,902.0
1570,2022,207031164.0,282.0
1571,2022,207031165.0,254.0
1572,2022,207031166.0,289.0
1573,2022,207031167.0,335.0
1574,2022,208011168.0,211.0
1575,2022,208011169.0,629.0
1576,2022,208011170.0,485.0
1577,2022,208011171.0,428.0
1578,2022,208011172.0,488.0
1579,2022,208011173.0,329.0
1580,2022,208021176.0,747.0
1581,2022,208021177.0,331.0
1582,2022,208021178.0,360.0
1583,2022,208021179.0,342.0
1584,2022,208021182.0,708.0
1585,2022,208021426.0,364.0
1586,2022,208031185.0,549.0
1587,2022,208031186.0,708.0
1588,2022,208031188.0,469.0
1589,2022,208031190.0,375.0
1590,2022,208031191.0,239.5
1591,2022,208031193.0,1262.0
1592,2022,208041194.0,383.5
1593,2022,208041195.0,1129.0
1594,2022,209011197.0,647.0
1595,2022,209011199.0,1201.0
1596,2022,209011200.0,440.0
1597,2022,209011201.0,736.0
1598,2022,209011202.0,94.5
1599,2022,209011204.0,237.0
1600,2022,209021205.0,254.0
1601,2022,209021428.0,1468.0
1602,2022,209021524.0,1689.0
1603,2022,209031209.0,375.0
1604,2022,209031210.0,154.0
1605,2022,209031214.0,110.0
1606,2022,209031215.0,159.0
1607,2022,209041216.0,1067.0
1608,2022,209041221.0,587.0
1609,2022,209041223.0,854.0
1610,2022,209041431.0,1168.0
1611,2022,209041436.0,405.0
1612,2022,209041530.0,767.0
1613,2022,210011226.0,632.0
1614,2022,210011228.0,158.0
1615,2022,210011533.0,235.0
1616,2022,210031236.0,1248.0
1617,2022,210031237.0,282.0
1618,2022,210031535.0,1028.0
1619,2022,210051242.0,1542.0
1620,2022,210051243.0,413.0
1621,2022,210051245.0,254.0
1622,2022,210051247.0,939.0
1623,2022,210051250.0,628.0
1624,2022,210051544.0,2521.0
1625,2022,211011251.0,1005.0
1626,2022,211011254.0,283.5
1627,2022,211011256.0,509.0
1628,2022,211011260.0,920.0
1629,2022,211011446.0,981.0
1630,2022,211011447.0,828.0
1631,2022,211011449.0,106.0
1632,2022,211021261.0,127.0
1633,2022,211031266.0,1164.0
1634,2022,211031267.0,416.0
1635,2022,211031450.0,1233.0
1636,2022,211041269.0,561.0
1637,2022,211041270.0,334.0
1638,2022,211041272.0,472.0
1639,2022,211051277.0,381.0
1640,2022,211051278.0,539.0
1641,2022,211051280.0,151.0
1642,2022,211051281.0,439.0
1643,2022,211051283.0,173.0
1644,2022,211051284.0,113.0
1645,2022,212021293.0,974.0
1646,2022,212021295.0,714.0
1647,2022,212021297.0,458.0
1648,2022,212021299.0,235.0
1649,2022,212021454.0,633.0
1650,2022,212021456.0,1578.0
1651,2022,212031300.0,3660.0
1652,2022,212031306.0,545.0
1653,2022,212031562.0,671.0
1654,2022,212041309.0,273.0
1655,2022,212041310.0,504.0
1656,2022,212041317.0,1003.0
1657,2022,212041318.0,444.0
1658,2022,212041460.0,1479.0
1659,2022,212041563.0,3698.0
1660,2022,212041565.0,586.0
1661,2022,212051319.0,449.0
1662,2022,212051322.0,1047.0
1663,2022,212051324.0,771.0
1664,2022,212051325.0,737.0
1665,2022,212051326.0,1006.0
1666,2022,212051567.0,1119.0
1667,2022,213011328.0,1342.0
1668,2022,213011331.0,894.0
1669,2022,213011332.0,636.0
1670,2022,213011334.0,2525.0
1671,2022,213011569.0,2144.0
1672,2022,213011570.0,417.0
1673,2022,213021341.0,508.0
1674,2022,213021343.0,340.0
1675,2022,213021344.0,486.0
1676,2022,213021346.0,561.0
1677,2022,213031347.0,528.0
1678,2022,213031348.0,2029.0
1679,2022,213031349.0,1169.0
1680,2022,213031351.0,1029.0
1681,2022,213031352.0,462.0
1682,2022,213051361.0,3156.0
1683,2022,213051363.0,518.5
1684,2022,213051368.0,3255.0
1685,2022,214011370.0,675.0
1686,2022,214011371.0,2994.0
1687,2022,214011372.0,437.0
1688,2022,214011374.0,344.0
1689,2022,214011375.0,800.0
